{
  "words" : [ {
    "word" : "hi",
    "expressions" : "greeting(hi)",
    "frequency" : 0
  }, {
    "word" : "hello",
    "expressions" : "greeting(hello)",
    "frequency" : 0
  }, {
    "word" : "yes",
    "expressions" : "confirmation(yes)",
    "frequency" : 0
  }, {
    "word" : "no",
    "expressions" : "confirmation(no)",
    "frequency" : 0
  }, {
    "word" : "yea",
    "expressions" : "confirmation(yes)",
    "frequency" : 0
  }, {
    "word" : "nope",
    "expressions" : "confirmation(no)",
    "frequency" : 0
  }, {
    "word" : "yeah",
    "expressions" : "confirmation(yes)",
    "frequency" : 0
  }, {
    "word" : "nah",
    "expressions" : "confirmation(no)",
    "frequency" : 0
  }, {
    "word" : "yo",
    "expressions" : "confirmation(yes)",
    "frequency" : 0
  }, {
    "word" : "ne",
    "expressions" : "confirmation(no)",
    "frequency" : 0
  }, {
    "word" : "yep",
    "expressions" : "confirmation(yes)",
    "frequency" : 0
  }, {
    "word" : "not",
    "expressions" : "confirmation(no)",
    "frequency" : 0
  }, {
    "word" : "sure",
    "expressions" : "confirmation(yes)",
    "frequency" : 0
  }, {
    "word" : "don't",
    "expressions" : "confirmation(no)",
    "frequency" : 0
  }, {
    "word" : "definitely",
    "expressions" : "confirmation(yes)",
    "frequency" : 0
  }, {
    "word" : "noway",
    "expressions" : "confirmation(no)",
    "frequency" : 0
  }, {
    "word" : "aye",
    "expressions" : "confirmation(yes)",
    "frequency" : 0
  }, {
    "word" : "nothing",
    "expressions" : "confirmation(no)",
    "frequency" : 0
  }, {
    "word" : "absolutely",
    "expressions" : "confirmation(yes)",
    "frequency" : 0
  }, {
    "word" : "never",
    "expressions" : "confirmation(no)",
    "frequency" : 0
  }, {
    "word" : "okeydoke",
    "expressions" : "confirmation(yes)",
    "frequency" : 0
  }, {
    "word" : "okeydokey",
    "expressions" : "confirmation(yes)",
    "frequency" : 0
  }, {
    "word" : "con",
    "expressions" : "confirmation(no)",
    "frequency" : 0
  }, {
    "word" : "positive",
    "expressions" : "confirmation(yes)",
    "frequency" : 0
  }, {
    "word" : "maybe",
    "expressions" : "confirmation(yes)",
    "frequency" : 0
  }, {
    "word" : "negative",
    "expressions" : "confirmation(no)",
    "frequency" : 0
  }, {
    "word" : "ill",
    "expressions" : "confirmation(no)",
    "frequency" : 0
  }, {
    "word" : "next",
    "expressions" : "nexttip",
    "frequency" : 0
  }, {
    "word" : "end",
    "expressions" : "ending",
    "frequency" : 0
  } ],
  "regExs" : [ ],
  "phrases" : [ {
    "phrase" : "good evening",
    "expressions" : "greeting(good_evening)"
  }, {
    "phrase" : "how are you",
    "expressions" : "how_are_you"
  }, {
    "phrase" : "my name is",
    "expressions" : "name"
  }, {
    "phrase" : "i am supposed",
    "expressions" : "confirmation(yes)"
  }, {
    "phrase" : "i am not supposed",
    "expressions" : "confirmation(no)"
  }, {
    "phrase" : "of course",
    "expressions" : "confirmation(yes)"
  }, {
    "phrase" : "shut up",
    "expressions" : "confirmation(no)"
  }, {
    "phrase" : "hell no",
    "expressions" : "confirmation(no)"
  }, {
    "phrase" : "go to hell",
    "expressions" : "confirmation(no)"
  }, {
    "phrase" : "i am",
    "expressions" : "name"
  } ]
}