{
  "outputSet" : [ {
    "action" : "welcome",
    "timesOccurred" : 0,
    "outputs" : [ {
      "type" : "text",
      "valueAlternatives" : [ "Hello [[${userInfo.username}]]\nI am the latest and greatest AI shizniz you gonna come across any time soon 😄" ]
    }, {
      "type" : "text",
      "valueAlternatives" : [ "Nice to meetcha!" ]
    }, {
      "type" : "text",
      "valueAlternatives" : [ "Wanna no know about my skillz?? 😎" ]
    } ],
    "quickReplies" : [ {
      "value" : "Sure, tell me more",
      "expressions" : "confirmation(show_skills)"
    }, {
      "value" : "Na, skip this shit",
      "expressions" : "cancel(show_skills)"
    } ]
  }, {
    "action" : "show_skills",
    "timesOccurred" : 0,
    "outputs" : [ {
      "type" : "text",
      "valueAlternatives" : [ "Listen, this is my first feature.." ]
    }, {
      "type" : "text",
      "valueAlternatives" : [ "this is how you can use it ......" ]
    }, {
      "type" : "text",
      "valueAlternatives" : [ "Want me to show you another of my skillz?!" ]
    } ],
    "quickReplies" : [ {
      "value" : "Sure, buddy",
      "expressions" : "confirmation(show_skills)"
    }, {
      "value" : "Nope, fuck this shit",
      "expressions" : "cancel(show_skills)"
    } ]
  }, {
    "action" : "show_skills",
    "timesOccurred" : 1,
    "outputs" : [ {
      "type" : "text",
      "valueAlternatives" : [ "ok, buddy, here is my second feature, since you can't seem to get enough of my awesome collection of skillz.." ]
    }, {
      "type" : "text",
      "valueAlternatives" : [ "Get it? Got it? Gooood!!" ]
    } ],
    "quickReplies" : [ {
      "value" : "Yeah, I got it",
      "expressions" : "continue(end_of_onboarding)"
    } ]
  }, {
    "action" : "end_of_onboarding",
    "timesOccurred" : 0,
    "outputs" : [ {
      "type" : "text",
      "valueAlternatives" : [ "Let me give you one last advice." ]
    }, {
      "type" : "text",
      "valueAlternatives" : [ "Bots never make mistakes, so if something doesn't work - be sure it's your fault 🤣" ]
    } ],
    "quickReplies" : [ ]
  } ]
}