{
  "expressionsAsActions" : true,
  "behaviorGroups" : [ {
    "behaviorRules" : [ {
      "name" : "Ask for api key",
      "actions" : [ "ask_for_openai_api_key" ],
      "conditions" : [ {
        "type" : "actionmatcher",
        "configs" : {
          "actions" : "create_openai_bot",
          "occurrence" : "currentStep"
        }
      } ]
    }, {
      "name" : "Ask for model name",
      "actions" : [ "ask_for_openai_model_name" ],
      "conditions" : [ {
        "type" : "actionmatcher",
        "configs" : {
          "actions" : "ask_for_openai_api_key",
          "occurrence" : "lastStep"
        }
      } ]
    }, {
      "name" : "Ask for Temperature",
      "actions" : [ "ask_for_openai_temperature" ],
      "conditions" : [ {
        "type" : "actionmatcher",
        "configs" : {
          "actions" : "ask_for_openai_model_name",
          "occurrence" : "lastStep"
        }
      } ]
    }, {
      "name" : "Ask for timeout",
      "actions" : [ "ask_for_openai_timeout" ],
      "conditions" : [ {
        "type" : "actionmatcher",
        "configs" : {
          "actions" : "ask_for_openai_temperature",
          "occurrence" : "lastStep"
        }
      } ]
    }, {
      "name" : "Ask for bot creation confirmation",
      "actions" : [ "ask_for_bot_creation_confirmation_for_openai" ],
      "conditions" : [ {
        "type" : "actionmatcher",
        "configs" : {
          "actions" : "ask_for_openai_timeout",
          "occurrence" : "lastStep"
        }
      } ]
    }, {
      "name" : "Create bot",
      "actions" : [ "create_properties_for_openai", "create_behavior_rules_for_openai", "create_langchain_openai", "create_output_for_openai", "create_package_for_openai", "create_bot_for_openai", "deploy_bot_for_openai", "CONVERSATION_END" ],
      "conditions" : [ {
        "type" : "inputmatcher",
        "configs" : {
          "expressions" : "orchestrate_create_bot_for_openai"
        }
      } ]
    } ]
  } ]
}