{
  "outputSet" : [ {
    "action" : "ask_for_huggingface_api_key",
    "timesOccurred" : 0,
    "outputs" : [ {
      "valueAlternatives" : [ {
        "type" : "text",
        "text" : "Enter the huggingface api key you would like to use for this connector bot:",
        "delay" : 0
      } ]
    } ],
    "quickReplies" : [ ]
  }, {
    "action" : "ask_for_huggingface_model_id",
    "timesOccurred" : 0,
    "outputs" : [ {
      "valueAlternatives" : [ {
        "type" : "text",
        "text" : "What's the model id?",
        "delay" : 0
      } ]
    } ],
    "quickReplies" : [ ]
  }, {
    "action" : "ask_for_huggingface_temperature",
    "timesOccurred" : 0,
    "outputs" : [ {
      "valueAlternatives" : [ {
        "type" : "text",
        "text" : "What temperature would you like to set?",
        "delay" : 0
      } ]
    } ],
    "quickReplies" : [ ]
  }, {
    "action" : "ask_for_huggingface_timeout",
    "timesOccurred" : 0,
    "outputs" : [ {
      "valueAlternatives" : [ {
        "type" : "text",
        "text" : "And what would you like to set for request timeout (in millis)?",
        "delay" : 0
      } ]
    } ],
    "quickReplies" : [ ]
  }, {
    "action" : "ask_for_bot_creation_confirmation_for_huggingface",
    "timesOccurred" : 0,
    "outputs" : [ {
      "valueAlternatives" : [ {
        "type" : "text",
        "text" : "Ok great!",
        "delay" : 0
      } ]
    }, {
      "valueAlternatives" : [ {
        "type" : "text",
        "text" : "Continue with creating this connector bot?",
        "delay" : 0
      } ]
    } ],
    "quickReplies" : [ {
      "value" : "Create the bot!",
      "expressions" : "orchestrate_create_bot_for_huggingface"
    }, {
      "value" : "Cancel this",
      "expressions" : "exit_conversation, CONVERSATION_END"
    } ]
  }, {
    "action" : "confirm_bot_creation_for_huggingface",
    "timesOccurred" : 0,
    "outputs" : [ {
      "valueAlternatives" : [ {
        "type" : "text",
        "text" : "It's all done! Your bot \"[[${properties.botName}]]\" was successfully created!",
        "delay" : 0
      } ]
    }, {
      "valueAlternatives" : [ {
        "type" : "text",
        "text" : "Go to the bot overview page and refresh the page to see your newly created bot!",
        "delay" : 0
      } ]
    }, {
      "valueAlternatives" : [ {
        "type" : "text",
        "text" : "Enjoy your new creation!",
        "delay" : 0
      } ]
    }, {
      "valueAlternatives" : [ {
        "type" : "text",
        "text" : "You can access it here: <a href=\"/chat/unrestricted/[(${properties.botId})]\" target=\"_blank\">Open chat with Connector Bot [(${properties.botName})]</a>",
        "delay" : 0
      } ]
    }, {
      "valueAlternatives" : [ {
        "type" : "text",
        "text" : "Bot intent for bot management api is \"[[${properties.botIntent}]]\": <a href=\"/managedbots/[(${properties.botIntent})]/put-user-id-here\" target=\"_blank\">Open API to Bot Connector [(${properties.botName})]</a>",
        "delay" : 0
      } ]
    } ],
    "quickReplies" : [ ]
  } ]
}