{
  "expressionsAsActions" : true,
  "behaviorGroups" : [ {
    "behaviorRules" : [ {
      "name" : "Ask for api key",
      "actions" : [ "ask_for_huggingface_api_key" ],
      "conditions" : [ {
        "type" : "actionmatcher",
        "configs" : {
          "actions" : "create_huggingface_bot",
          "occurrence" : "currentStep"
        }
      } ]
    }, {
      "name" : "Ask for model name",
      "actions" : [ "ask_for_huggingface_model_name" ],
      "conditions" : [ {
        "type" : "actionmatcher",
        "configs" : {
          "actions" : "ask_for_huggingface_api_key",
          "occurrence" : "lastStep"
        }
      } ]
    }, {
      "name" : "Ask for Temperature",
      "actions" : [ "ask_for_huggingface_temperature" ],
      "conditions" : [ {
        "type" : "actionmatcher",
        "configs" : {
          "actions" : "ask_for_huggingface_model_name",
          "occurrence" : "lastStep"
        }
      } ]
    }, {
      "name" : "Ask for timeout",
      "actions" : [ "ask_for_huggingface_timeout" ],
      "conditions" : [ {
        "type" : "actionmatcher",
        "configs" : {
          "actions" : "ask_for_huggingface_temperature",
          "occurrence" : "lastStep"
        }
      } ]
    }, {
      "name" : "Ask for bot creation confirmation",
      "actions" : [ "ask_for_bot_creation_confirmation_for_huggingface" ],
      "conditions" : [ {
        "type" : "actionmatcher",
        "configs" : {
          "actions" : "ask_for_huggingface_timeout",
          "occurrence" : "lastStep"
        }
      } ]
    }, {
      "name" : "Create bot",
      "actions" : [ "create_properties_for_huggingface", "create_behavior_rules_for_huggingface", "create_langchain_huggingface", "create_output_for_huggingface", "create_package_for_huggingface", "create_bot_for_huggingface", "deploy_bot_for_huggingface", "CONVERSATION_END" ],
      "conditions" : [ {
        "type" : "inputmatcher",
        "configs" : {
          "expressions" : "orchestrate_create_bot_for_huggingface"
        }
      } ]
    } ]
  } ]
}