{
  "outputSet" : [ {
    "action" : "welcome",
    "timesOccurred" : 0,
    "outputs" : [ {
      "valueAlternatives" : [ {
        "type" : "text",
        "text" : "Welcome to the <b>Media Writer's Self Perception Scale</b> bot survey",
        "delay" : 1000
      } ]
    }, {
      "valueAlternatives" : [ {
        "type" : "text",
        "text" : "I will assess your writing skills by the answers you provide.",
        "delay" : 3000
      } ]
    }, {
      "valueAlternatives" : [ {
        "type" : "text",
        "text" : "Kindly click on the \"<b>Start</b>\" button to start your survey. You have 50 questions and it takes approximately 3 minutes to complete 😊",
        "delay" : 3000
      } ]
    }, {
      "valueAlternatives" : [ {
        "type" : "text",
        "text" : "Goodluck! 😉",
        "delay" : 3000
      } ]
    } ],
    "quickReplies" : [ {
      "value" : "Start",
      "expressions" : "startSurvey",
      "default" : false
    } ]
  }, {
    "action" : "question_1",
    "timesOccurred" : 0,
    "outputs" : [ {
      "valueAlternatives" : [ {
        "type" : "text",
        "text" : "Your first question: <b>When I know I’ve got a writing assignment due, I start work right away.</br>",
        "delay" : 5000
      } ]
    } ],
    "quickReplies" : [ {
      "value" : "Not at all true of me",
      "expressions" : "property(question_1(1))",
      "default" : false
    }, {
      "value" : "Slightly true of me",
      "expressions" : "property(question_1(2))",
      "default" : false
    }, {
      "value" : "Moderately true of me",
      "expressions" : "property(question_1(3))",
      "default" : false
    }, {
      "value" : "Very true of me",
      "expressions" : "property(question_1(4))",
      "default" : false
    }, {
      "value" : "Completely true of me",
      "expressions" : "property(question_1(5))",
      "default" : false
    } ]
  }, {
    "action" : "question_2",
    "timesOccurred" : 0,
    "outputs" : [ {
      "valueAlternatives" : [ {
        "type" : "text",
        "text" : "<b>It’s easier for me to write factual reports than to write my own ideas.</b>",
        "delay" : 5000
      } ]
    } ],
    "quickReplies" : [ {
      "value" : "Not at all true of me",
      "expressions" : "property(question_2(1))",
      "default" : false
    }, {
      "value" : "Slightly true of me",
      "expressions" : "property(question_2(2))",
      "default" : false
    }, {
      "value" : "Moderately true of me",
      "expressions" : "property(question_2(3))",
      "default" : false
    }, {
      "value" : "Very true of me",
      "expressions" : "property(question_2(4))",
      "default" : false
    }, {
      "value" : "Completely true of me",
      "expressions" : "property(question_2(5))",
      "default" : false
    } ]
  }, {
    "action" : "question_3",
    "timesOccurred" : 0,
    "outputs" : [ {
      "valueAlternatives" : [ {
        "type" : "text",
        "text" : "<b>Having others read and evaluate my writing does not bother me.</b>",
        "delay" : 5000
      } ]
    } ],
    "quickReplies" : [ {
      "value" : "Not at all true of me",
      "expressions" : "property(question_3(1))",
      "default" : false
    }, {
      "value" : "Slightly true of me",
      "expressions" : "property(question_3(2))",
      "default" : false
    }, {
      "value" : "Moderately true of me",
      "expressions" : "property(question_3(3))",
      "default" : false
    }, {
      "value" : "Very true of me",
      "expressions" : "property(question_3(4))",
      "default" : false
    }, {
      "value" : "Completely true of me",
      "expressions" : "property(question_3(5))",
      "default" : false
    } ]
  }, {
    "action" : "question_4",
    "timesOccurred" : 0,
    "outputs" : [ {
      "valueAlternatives" : [ {
        "type" : "text"
      }, {
        "type" : "text",
        "text" : "<b>I feel lost when it comes to grammar and punctuation.</b>",
        "delay" : 5000
      } ]
    } ],
    "quickReplies" : [ {
      "value" : "Not at all true of me",
      "expressions" : "property(question_4(1))",
      "default" : false
    }, {
      "value" : "Slightly true of me",
      "expressions" : "property(question_4(2))",
      "default" : false
    }, {
      "value" : "Moderately true of me",
      "expressions" : "property(question_4(3))",
      "default" : false
    }, {
      "value" : "Very true of me",
      "expressions" : "property(question_4(4))",
      "default" : false
    }, {
      "value" : "Completely true of me",
      "expressions" : "property(question_4(5))",
      "default" : false
    } ]
  }, {
    "action" : "question_5",
    "timesOccurred" : 0,
    "outputs" : [ {
      "valueAlternatives" : [ {
        "type" : "text",
        "text" : "I know that was an honest reply! 😎",
        "delay" : 3000
      } ]
    }, {
      "valueAlternatives" : [ {
        "type" : "text",
        "text" : "<b>I’m a good speller.</b>",
        "delay" : 5000
      } ]
    } ],
    "quickReplies" : [ {
      "value" : "Not at all true of me",
      "expressions" : "property(question_5(1))",
      "default" : false
    }, {
      "value" : "Slightly true of me",
      "expressions" : "property(question_5(2))",
      "default" : false
    }, {
      "value" : "Moderately true of me",
      "expressions" : "property(question_5(3))",
      "default" : false
    }, {
      "value" : "Very true of me",
      "expressions" : "property(question_5(4))",
      "default" : false
    }, {
      "value" : "Completely true of me",
      "expressions" : "property(question_5(5))",
      "default" : false
    } ]
  }, {
    "action" : "question_6",
    "timesOccurred" : 0,
    "outputs" : [ {
      "valueAlternatives" : [ {
        "type" : "text",
        "text" : "<b>I have good basic writing skills.</b>",
        "delay" : 5000
      } ]
    } ],
    "quickReplies" : [ {
      "value" : "Not at all true of me",
      "expressions" : "property(question_6(1))",
      "default" : false
    }, {
      "value" : "Slightly true of me",
      "expressions" : "property(question_6(2))",
      "default" : false
    }, {
      "value" : "Moderately true of me",
      "expressions" : "property(question_6(3))",
      "default" : false
    }, {
      "value" : "Very true of me",
      "expressions" : "property(question_6(4))",
      "default" : false
    }, {
      "value" : "Completely true of me",
      "expressions" : "property(question_6(5))",
      "default" : false
    } ]
  }, {
    "action" : "question_7",
    "timesOccurred" : 0,
    "outputs" : [ {
      "valueAlternatives" : [ {
        "type" : "text",
        "text" : "<b>My mind seems to go blank when I start to work on a writing task.</b>",
        "delay" : 5000
      } ]
    } ],
    "quickReplies" : [ {
      "value" : "Not at all true of me",
      "expressions" : "property(question_7(1))",
      "default" : false
    }, {
      "value" : "Slightly true of me",
      "expressions" : "property(question_7(2))",
      "default" : false
    }, {
      "value" : "Moderately true of me",
      "expressions" : "property(question_7(3))",
      "default" : false
    }, {
      "value" : "Very true of me",
      "expressions" : "property(question_7(4))",
      "default" : false
    }, {
      "value" : "Completely true of me",
      "expressions" : "property(question_7(5))",
      "default" : false
    } ]
  }, {
    "action" : "question_8",
    "timesOccurred" : 0,
    "outputs" : [ {
      "valueAlternatives" : [ {
        "type" : "text",
        "text" : "<b>I’m nervous about writing.</b>",
        "delay" : 5000
      } ]
    } ],
    "quickReplies" : [ {
      "value" : "Not at all true of me",
      "expressions" : "property(question_8(1))",
      "default" : false
    }, {
      "value" : "Slightly true of me",
      "expressions" : "property(question_8(2))",
      "default" : false
    }, {
      "value" : "Moderately true of me",
      "expressions" : "property(question_8(3))",
      "default" : false
    }, {
      "value" : "Very true of me",
      "expressions" : "property(question_8(4))",
      "default" : false
    }, {
      "value" : "Completely true of me",
      "expressions" : "property(question_8(5))",
      "default" : false
    } ]
  }, {
    "action" : "question_9",
    "timesOccurred" : 0,
    "outputs" : [ {
      "valueAlternatives" : [ {
        "type" : "text",
        "text" : "<b>I have a terrible time organizing my ideas when I try to write.</b>",
        "delay" : 5000
      } ]
    } ],
    "quickReplies" : [ {
      "value" : "Not at all true of me",
      "expressions" : "property(question_9(1))",
      "default" : false
    }, {
      "value" : "Slightly true of me",
      "expressions" : "property(question_9(2))",
      "default" : false
    }, {
      "value" : "Moderately true of me",
      "expressions" : "property(question_9(3))",
      "default" : false
    }, {
      "value" : "Very true of me",
      "expressions" : "property(question_9(4))",
      "default" : false
    }, {
      "value" : "Completely true of me",
      "expressions" : "property(question_9(5))",
      "default" : false
    } ]
  }, {
    "action" : "question_10",
    "timesOccurred" : 0,
    "outputs" : [ {
      "valueAlternatives" : [ {
        "type" : "text",
        "text" : "Kudos. You just have few more questions left.",
        "delay" : 1000
      } ]
    }, {
      "valueAlternatives" : [ {
        "type" : "text",
        "text" : "<b>I have a hard time choosing the right words while I write.</b>",
        "delay" : 5000
      } ]
    } ],
    "quickReplies" : [ {
      "value" : "Not at all true of me",
      "expressions" : "property(question_10(1))",
      "default" : false
    }, {
      "value" : "Slightly true of me",
      "expressions" : "property(question_10(2))",
      "default" : false
    }, {
      "value" : "Moderately true of me",
      "expressions" : "property(question_10(3))",
      "default" : false
    }, {
      "value" : "Very true of me",
      "expressions" : "property(question_10(4))",
      "default" : false
    }, {
      "value" : "Completely true of me",
      "expressions" : "property(question_10(5))",
      "default" : false
    } ]
  }, {
    "action" : "question_11",
    "timesOccurred" : 0,
    "outputs" : [ {
      "valueAlternatives" : [ {
        "type" : "text",
        "text" : "<b>I enjoy talking about writing.</b>",
        "delay" : 5000
      } ]
    } ],
    "quickReplies" : [ {
      "value" : "Not at all true of me",
      "expressions" : "property(question_11(1))",
      "default" : false
    }, {
      "value" : "Slightly true of me",
      "expressions" : "property(question_11(2))",
      "default" : false
    }, {
      "value" : "Moderately true of me",
      "expressions" : "property(question_11(3))",
      "default" : false
    }, {
      "value" : "Very true of me",
      "expressions" : "property(question_11(4))",
      "default" : false
    }, {
      "value" : "Completely true of me",
      "expressions" : "property(question_11(5))",
      "default" : false
    } ]
  }, {
    "action" : "question_12",
    "timesOccurred" : 0,
    "outputs" : [ {
      "valueAlternatives" : [ {
        "type" : "text",
        "text" : "😎🙂",
        "delay" : 1000
      } ]
    }, {
      "valueAlternatives" : [ {
        "type" : "text",
        "text" : "<b>I look forward to writing.</b>",
        "delay" : 5000
      } ]
    } ],
    "quickReplies" : [ {
      "value" : "Not at all true of me",
      "expressions" : "property(question_12(1))",
      "default" : false
    }, {
      "value" : "Slightly true of me",
      "expressions" : "property(question_12(2))",
      "default" : false
    }, {
      "value" : "Moderately true of me",
      "expressions" : "property(question_12(3))",
      "default" : false
    }, {
      "value" : "Very true of me",
      "expressions" : "property(question_12(4))",
      "default" : false
    }, {
      "value" : "Completely true of me",
      "expressions" : "property(question_12(5))",
      "default" : false
    } ]
  }, {
    "action" : "question_13",
    "timesOccurred" : 0,
    "outputs" : [ {
      "valueAlternatives" : [ {
        "type" : "text",
        "text" : "<b>I practice my writing outside of class.</b>",
        "delay" : 5000
      } ]
    } ],
    "quickReplies" : [ {
      "value" : "Not at all true of me",
      "expressions" : "property(question_13(1))",
      "default" : false
    }, {
      "value" : "Slightly true of me",
      "expressions" : "property(question_13(2))",
      "default" : false
    }, {
      "value" : "Moderately true of me",
      "expressions" : "property(question_13(3))",
      "default" : false
    }, {
      "value" : "Very true of me",
      "expressions" : "property(question_13(4))",
      "default" : false
    }, {
      "value" : "Completely true of me",
      "expressions" : "property(question_13(5))",
      "default" : false
    } ]
  }, {
    "action" : "question_14",
    "timesOccurred" : 0,
    "outputs" : [ {
      "valueAlternatives" : [ {
        "type" : "text",
        "text" : "<b>I enjoy studying words and their meanings.</b>",
        "delay" : 5000
      } ]
    } ],
    "quickReplies" : [ {
      "value" : "Not at all true of me",
      "expressions" : "property(question_14(1))",
      "default" : false
    }, {
      "value" : "Slightly true of me",
      "expressions" : "property(question_14(2))",
      "default" : false
    }, {
      "value" : "Moderately true of me",
      "expressions" : "property(question_14(3))",
      "default" : false
    }, {
      "value" : "Very true of me",
      "expressions" : "property(question_14(4))",
      "default" : false
    }, {
      "value" : "Completely true of me",
      "expressions" : "property(question_14(5))",
      "default" : false
    } ]
  }, {
    "action" : "question_15",
    "timesOccurred" : 0,
    "outputs" : [ {
      "valueAlternatives" : [ {
        "type" : "text",
        "text" : "Okay! 😉",
        "delay" : 3000
      } ]
    }, {
      "valueAlternatives" : [ {
        "type" : "text",
        "text" : "<b>I write only when I have to.</b>",
        "delay" : 5000
      } ]
    } ],
    "quickReplies" : [ {
      "value" : "Not at all true of me",
      "expressions" : "property(question_15(1))",
      "default" : false
    }, {
      "value" : "Slightly true of me",
      "expressions" : "property(question_15(2))",
      "default" : false
    }, {
      "value" : "Moderately true of me",
      "expressions" : "property(question_15(3))",
      "default" : false
    }, {
      "value" : "Very true of me",
      "expressions" : "property(question_15(4))",
      "default" : false
    }, {
      "value" : "Completely true of me",
      "expressions" : "property(question_15(5))",
      "default" : false
    } ]
  }, {
    "action" : "question_16",
    "timesOccurred" : 0,
    "outputs" : [ {
      "valueAlternatives" : [ {
        "type" : "text",
        "text" : "You have <b>35</b> questions left.",
        "delay" : 5000
      } ]
    }, {
      "valueAlternatives" : [ {
        "type" : "text",
        "text" : "<b>I like seeing my thoughts on paper.</b>",
        "delay" : 5000
      } ]
    } ],
    "quickReplies" : [ {
      "value" : "Not at all true of me",
      "expressions" : "property(question_16(1))",
      "default" : false
    }, {
      "value" : "Slightly true of me",
      "expressions" : "property(question_16(2))",
      "default" : false
    }, {
      "value" : "Moderately true of me",
      "expressions" : "property(question_16(3))",
      "default" : false
    }, {
      "value" : "Very true of me",
      "expressions" : "property(question_16(4))",
      "default" : false
    }, {
      "value" : "Completely true of me",
      "expressions" : "property(question_16(5))",
      "default" : false
    } ]
  }, {
    "action" : "question_17",
    "timesOccurred" : 0,
    "outputs" : [ {
      "valueAlternatives" : [ {
        "type" : "text",
        "text" : "<b>I worry about how much time my essay or paper will take.</b>",
        "delay" : 5000
      } ]
    } ],
    "quickReplies" : [ {
      "value" : "Not at all true of me",
      "expressions" : "property(question_17(1))",
      "default" : false
    }, {
      "value" : "Slightly true of me",
      "expressions" : "property(question_17(2))",
      "default" : false
    }, {
      "value" : "Moderately true of me",
      "expressions" : "property(question_17(3))",
      "default" : false
    }, {
      "value" : "Very true of me",
      "expressions" : "property(question_17(4))",
      "default" : false
    }, {
      "value" : "Completely true of me",
      "expressions" : "property(question_17(5))",
      "default" : false
    } ]
  }, {
    "action" : "question_18",
    "timesOccurred" : 0,
    "outputs" : [ {
      "valueAlternatives" : [ {
        "type" : "text",
        "text" : "Ok. Most people who took part of this survey gave me the same answer.",
        "delay" : 5000
      } ]
    }, {
      "valueAlternatives" : [ {
        "type" : "text",
        "text" : "<b>At times, my writing has given me deep personal satisfaction.</b>",
        "delay" : 5000
      } ]
    } ],
    "quickReplies" : [ {
      "value" : "Not at all true of me",
      "expressions" : "property(question_18(1))",
      "default" : false
    }, {
      "value" : "Slightly true of me",
      "expressions" : "property(question_18(2))",
      "default" : false
    }, {
      "value" : "Moderately true of me",
      "expressions" : "property(question_18(3))",
      "default" : false
    }, {
      "value" : "Very true of me",
      "expressions" : "property(question_18(4))",
      "default" : false
    }, {
      "value" : "Completely true of me",
      "expressions" : "property(question_18(5))",
      "default" : false
    } ]
  }, {
    "action" : "question_19",
    "timesOccurred" : 0,
    "outputs" : [ {
      "valueAlternatives" : [ {
        "type" : "text",
        "text" : "My writing does the same to me - Seriously! 😜",
        "delay" : 3000
      } ]
    }, {
      "valueAlternatives" : [ {
        "type" : "text",
        "text" : "<b>I think about how I come across in my writing.</b>",
        "delay" : 5000
      } ]
    } ],
    "quickReplies" : [ {
      "value" : "Not at all true of me",
      "expressions" : "property(question_19(1))",
      "default" : false
    }, {
      "value" : "Slightly true of me",
      "expressions" : "property(question_19(2))",
      "default" : false
    }, {
      "value" : "Moderately true of me",
      "expressions" : "property(question_19(3))",
      "default" : false
    }, {
      "value" : "Very true of me",
      "expressions" : "property(question_19(4))",
      "default" : false
    }, {
      "value" : "Completely true of me",
      "expressions" : "property(question_19(5))",
      "default" : false
    } ]
  }, {
    "action" : "question_20",
    "timesOccurred" : 0,
    "outputs" : [ {
      "valueAlternatives" : [ {
        "type" : "text",
        "text" : "<b>I sometimes get sudden inspirations in writing.</b>",
        "delay" : 5000
      } ]
    } ],
    "quickReplies" : [ {
      "value" : "Not at all true of me",
      "expressions" : "property(question_20(1))",
      "default" : false
    }, {
      "value" : "Slightly true of me",
      "expressions" : "property(question_20(2))",
      "default" : false
    }, {
      "value" : "Moderately true of me",
      "expressions" : "property(question_20(3))",
      "default" : false
    }, {
      "value" : "Very true of me",
      "expressions" : "property(question_20(4))",
      "default" : false
    }, {
      "value" : "Completely true of me",
      "expressions" : "property(question_20(5))",
      "default" : false
    } ]
  }, {
    "action" : "question_21",
    "timesOccurred" : 0,
    "outputs" : [ {
      "valueAlternatives" : [ {
        "type" : "text",
        "text" : "<b>I imagine the reaction that my readers might have to my paper.</b>",
        "delay" : 5000
      } ]
    } ],
    "quickReplies" : [ {
      "value" : "Not at all true of me",
      "expressions" : "property(question_21(1))",
      "default" : false
    }, {
      "value" : "Slightly true of me",
      "expressions" : "property(question_21(2))",
      "default" : false
    }, {
      "value" : "Moderately true of me",
      "expressions" : "property(question_21(3))",
      "default" : false
    }, {
      "value" : "Very true of me",
      "expressions" : "property(question_21(4))",
      "default" : false
    }, {
      "value" : "Completely true of me",
      "expressions" : "property(question_21(5))",
      "default" : false
    } ]
  }, {
    "action" : "question_22",
    "timesOccurred" : 0,
    "outputs" : [ {
      "valueAlternatives" : [ {
        "type" : "text",
        "text" : "We'll definitely get there! 😎",
        "delay" : 5000
      } ]
    }, {
      "valueAlternatives" : [ {
        "type" : "text",
        "text" : "<b>When writing a paper, I often get ideas for other papers.</b>",
        "delay" : 5000
      } ]
    } ],
    "quickReplies" : [ {
      "value" : "Not at all true of me",
      "expressions" : "property(question_22(1))",
      "default" : false
    }, {
      "value" : "Slightly true of me",
      "expressions" : "property(question_22(2))",
      "default" : false
    }, {
      "value" : "Moderately true of me",
      "expressions" : "property(question_22(3))",
      "default" : false
    }, {
      "value" : "Very true of me",
      "expressions" : "property(question_22(4))",
      "default" : false
    }, {
      "value" : "Completely true of me",
      "expressions" : "property(question_22(5))",
      "default" : false
    } ]
  }, {
    "action" : "question_23",
    "timesOccurred" : 0,
    "outputs" : [ {
      "valueAlternatives" : [ {
        "type" : "text",
        "text" : "<b>I visualize what I’m writing about.</b>",
        "delay" : 5000
      } ]
    } ],
    "quickReplies" : [ {
      "value" : "Not at all true of me",
      "expressions" : "property(question_23(1))",
      "default" : false
    }, {
      "value" : "Slightly true of me",
      "expressions" : "property(question_23(2))",
      "default" : false
    }, {
      "value" : "Moderately true of me",
      "expressions" : "property(question_23(3))",
      "default" : false
    }, {
      "value" : "Very true of me",
      "expressions" : "property(question_23(4))",
      "default" : false
    }, {
      "value" : "Completely true of me",
      "expressions" : "property(question_23(5))",
      "default" : false
    } ]
  }, {
    "action" : "question_24",
    "timesOccurred" : 0,
    "outputs" : [ {
      "valueAlternatives" : [ {
        "type" : "text",
        "text" : "<b>It’s important to me to like what I’ve written.</b>",
        "delay" : 5000
      } ]
    } ],
    "quickReplies" : [ {
      "value" : "Not at all true of me",
      "expressions" : "property(question_24(1))",
      "default" : false
    }, {
      "value" : "Slightly true of me",
      "expressions" : "property(question_24(2))",
      "default" : false
    }, {
      "value" : "Moderately true of me",
      "expressions" : "property(question_24(3))",
      "default" : false
    }, {
      "value" : "Very true of me",
      "expressions" : "property(question_24(4))",
      "default" : false
    }, {
      "value" : "Completely true of me",
      "expressions" : "property(question_24(5))",
      "default" : false
    } ]
  }, {
    "action" : "question_25",
    "timesOccurred" : 0,
    "outputs" : [ {
      "valueAlternatives" : [ {
        "type" : "text",
        "text" : "<b>I expect good grades on essays and papers.</b>",
        "delay" : 5000
      } ]
    } ],
    "quickReplies" : [ {
      "value" : "Not at all true of me",
      "expressions" : "property(question_25(1))",
      "default" : false
    }, {
      "value" : "Slightly true of me",
      "expressions" : "property(question_25(2))",
      "default" : false
    }, {
      "value" : "Moderately true of me",
      "expressions" : "property(question_25(3))",
      "default" : false
    }, {
      "value" : "Very true of me",
      "expressions" : "property(question_25(4))",
      "default" : false
    }, {
      "value" : "Completely true of me",
      "expressions" : "property(question_25(5))",
      "default" : false
    } ]
  }, {
    "action" : "question_26",
    "timesOccurred" : 0,
    "outputs" : [ {
      "valueAlternatives" : [ {
        "type" : "text",
        "text" : "<b>If the assignment calls for 1,000 words, I try to write just about that many.</b>",
        "delay" : 5000
      } ]
    } ],
    "quickReplies" : [ {
      "value" : "Not at all true of me",
      "expressions" : "property(question_26(1))",
      "default" : false
    }, {
      "value" : "Slightly true of me",
      "expressions" : "property(question_26(2))",
      "default" : false
    }, {
      "value" : "Moderately true of me",
      "expressions" : "property(question_26(3))",
      "default" : false
    }, {
      "value" : "Very true of me",
      "expressions" : "property(question_26(4))",
      "default" : false
    }, {
      "value" : "Completely true of me",
      "expressions" : "property(question_26(5))",
      "default" : false
    } ]
  }, {
    "action" : "question_27",
    "timesOccurred" : 0,
    "outputs" : [ {
      "valueAlternatives" : [ {
        "type" : "text",
        "text" : "<b>Often my first draft is my finished product.</b>",
        "delay" : 5000
      } ]
    } ],
    "quickReplies" : [ {
      "value" : "Not at all true of me",
      "expressions" : "property(question_27(1))",
      "default" : false
    }, {
      "value" : "Slightly true of me",
      "expressions" : "property(question_27(2))",
      "default" : false
    }, {
      "value" : "Moderately true of me",
      "expressions" : "property(question_27(3))",
      "default" : false
    }, {
      "value" : "Very true of me",
      "expressions" : "property(question_27(4))",
      "default" : false
    }, {
      "value" : "Completely true of me",
      "expressions" : "property(question_27(5))",
      "default" : false
    } ]
  }, {
    "action" : "question_28",
    "timesOccurred" : 0,
    "outputs" : [ {
      "valueAlternatives" : [ {
        "type" : "text",
        "text" : "<b>Revision is a one-time process at the end.</b>",
        "delay" : 5000
      } ]
    } ],
    "quickReplies" : [ {
      "value" : "Not at all true of me",
      "expressions" : "property(question_28(1))",
      "default" : false
    }, {
      "value" : "Slightly true of me",
      "expressions" : "property(question_28(2))",
      "default" : false
    }, {
      "value" : "Moderately true of me",
      "expressions" : "property(question_28(3))",
      "default" : false
    }, {
      "value" : "Very true of me",
      "expressions" : "property(question_28(4))",
      "default" : false
    }, {
      "value" : "Completely true of me",
      "expressions" : "property(question_28(5))",
      "default" : false
    } ]
  }, {
    "action" : "question_29",
    "timesOccurred" : 0,
    "outputs" : [ {
      "valueAlternatives" : [ {
        "type" : "text",
        "text" : "<b>I plan out my writing and stick to the plan.</b>",
        "delay" : 5000
      } ]
    } ],
    "quickReplies" : [ {
      "value" : "Not at all true of me",
      "expressions" : "property(question_29(1))",
      "default" : false
    }, {
      "value" : "Slightly true of me",
      "expressions" : "property(question_29(2))",
      "default" : false
    }, {
      "value" : "Moderately true of me",
      "expressions" : "property(question_29(3))",
      "default" : false
    }, {
      "value" : "Very true of me",
      "expressions" : "property(question_29(4))",
      "default" : false
    }, {
      "value" : "Completely true of me",
      "expressions" : "property(question_29(5))",
      "default" : false
    } ]
  }, {
    "action" : "question_30",
    "timesOccurred" : 0,
    "outputs" : [ {
      "valueAlternatives" : [ {
        "type" : "text",
        "text" : "To be frank with you, you've actually answered more than half of the questions. You have <b>20</b> questions left.",
        "delay" : 5000
      } ]
    }, {
      "valueAlternatives" : [ {
        "type" : "text",
        "text" : "<b>My writing “just happens” with little planning or preparation.</b>",
        "delay" : 5000
      } ]
    } ],
    "quickReplies" : [ {
      "value" : "Not at all true of me",
      "expressions" : "property(question_30(1))",
      "default" : false
    }, {
      "value" : "Slightly true of me",
      "expressions" : "property(question_30(2))",
      "default" : false
    }, {
      "value" : "Moderately true of me",
      "expressions" : "property(question_30(3))",
      "default" : false
    }, {
      "value" : "Very true of me",
      "expressions" : "property(question_30(4))",
      "default" : false
    }, {
      "value" : "Completely true of me",
      "expressions" : "property(question_30(5))",
      "default" : false
    } ]
  }, {
    "action" : "question_31",
    "timesOccurred" : 0,
    "outputs" : [ {
      "valueAlternatives" : [ {
        "type" : "text",
        "text" : "<b>I start with a fairly detailed outline. </b>",
        "delay" : 5000
      } ]
    } ],
    "quickReplies" : [ {
      "value" : "Not at all true of me",
      "expressions" : "property(question_31(1))",
      "default" : false
    }, {
      "value" : "Slightly true of me",
      "expressions" : "property(question_31(2))",
      "default" : false
    }, {
      "value" : "Moderately true of me",
      "expressions" : "property(question_31(3))",
      "default" : false
    }, {
      "value" : "Very true of me",
      "expressions" : "property(question_31(4))",
      "default" : false
    }, {
      "value" : "Completely true of me",
      "expressions" : "property(question_31(5))",
      "default" : false
    } ]
  }, {
    "action" : "question_32",
    "timesOccurred" : 0,
    "outputs" : [ {
      "valueAlternatives" : [ {
        "type" : "text",
        "text" : "<b>When I begin to write, I have only a vague idea of how my paper will come out. </b>",
        "delay" : 5000
      } ]
    } ],
    "quickReplies" : [ {
      "value" : "Not at all true of me",
      "expressions" : "property(question_32(1))",
      "default" : false
    }, {
      "value" : "Slightly true of me",
      "expressions" : "property(question_32(2))",
      "default" : false
    }, {
      "value" : "Moderately true of me",
      "expressions" : "property(question_32(3))",
      "default" : false
    }, {
      "value" : "Very true of me",
      "expressions" : "property(question_32(4))",
      "default" : false
    }, {
      "value" : "Completely true of me",
      "expressions" : "property(question_32(5))",
      "default" : false
    } ]
  }, {
    "action" : "question_33",
    "timesOccurred" : 0,
    "outputs" : [ {
      "valueAlternatives" : [ {
        "type" : "text",
        "text" : "<b>I set aside specific time to do written assignments.</b>",
        "delay" : 5000
      } ]
    } ],
    "quickReplies" : [ {
      "value" : "Not at all true of me",
      "expressions" : "property(question_33(1))",
      "default" : false
    }, {
      "value" : "Slightly true of me",
      "expressions" : "property(question_33(2))",
      "default" : false
    }, {
      "value" : "Moderately true of me",
      "expressions" : "property(question_33(3))",
      "default" : false
    }, {
      "value" : "Very true of me",
      "expressions" : "property(question_33(4))",
      "default" : false
    }, {
      "value" : "Completely true of me",
      "expressions" : "property(question_33(5))",
      "default" : false
    } ]
  }, {
    "action" : "question_34",
    "timesOccurred" : 0,
    "outputs" : [ {
      "valueAlternatives" : [ {
        "type" : "text",
        "text" : "<b>I keep my theme or topic clearly in mind as I write.</b>",
        "delay" : 5000
      } ]
    } ],
    "quickReplies" : [ {
      "value" : "Not at all true of me",
      "expressions" : "property(question_34(1))",
      "default" : false
    }, {
      "value" : "Slightly true of me",
      "expressions" : "property(question_34(2))",
      "default" : false
    }, {
      "value" : "Moderately true of me",
      "expressions" : "property(question_34(3))",
      "default" : false
    }, {
      "value" : "Very true of me",
      "expressions" : "property(question_34(4))",
      "default" : false
    }, {
      "value" : "Completely true of me",
      "expressions" : "property(question_34(5))",
      "default" : false
    } ]
  }, {
    "action" : "question_35",
    "timesOccurred" : 0,
    "outputs" : [ {
      "valueAlternatives" : [ {
        "type" : "text",
        "text" : "<b>I need special encouragement to do my best writing.</b>",
        "delay" : 5000
      } ]
    } ],
    "quickReplies" : [ {
      "value" : "Strongly disagree",
      "expressions" : "property(yo1))",
      "default" : false
    }, {
      "value" : "Disagree",
      "expressions" : "property(question_35(2))",
      "default" : false
    }, {
      "value" : "Undecided",
      "expressions" : "property(question_35(3))",
      "default" : false
    }, {
      "value" : "Agree",
      "expressions" : "property(question_35(4))",
      "default" : false
    }, {
      "value" : "Strongly agree",
      "expressions" : "property(question_35(5))",
      "default" : false
    } ]
  }, {
    "action" : "question_36",
    "timesOccurred" : 0,
    "outputs" : [ {
      "valueAlternatives" : [ {
        "type" : "text",
        "text" : "<b>I can motivate myself to write a good paper, even if the writing doesn’t go smoothly.</b>",
        "delay" : 5000
      } ]
    } ],
    "quickReplies" : [ {
      "value" : "Strongly disagree",
      "expressions" : "property(question_36(1))",
      "default" : false
    }, {
      "value" : "Disagree",
      "expressions" : "property(question_36(2))",
      "default" : false
    }, {
      "value" : "Undecided",
      "expressions" : "property(question_36(3))",
      "default" : false
    }, {
      "value" : "Agree",
      "expressions" : "property(question_36(4))",
      "default" : false
    }, {
      "value" : "Strongly agree",
      "expressions" : "property(question_36(5))",
      "default" : false
    } ]
  }, {
    "action" : "question_37",
    "timesOccurred" : 0,
    "outputs" : [ {
      "valueAlternatives" : [ {
        "type" : "text",
        "text" : "<b>I can think of ways of solving my problems if I get stuck in writing.</b>",
        "delay" : 5000
      } ]
    } ],
    "quickReplies" : [ {
      "value" : "Strongly disagree",
      "expressions" : "property(question_37(1))",
      "default" : false
    }, {
      "value" : "Disagree",
      "expressions" : "property(question_37(2))",
      "default" : false
    }, {
      "value" : "Undecided",
      "expressions" : "property(question_37(3))",
      "default" : false
    }, {
      "value" : "Agree",
      "expressions" : "property(question_37(4))",
      "default" : false
    }, {
      "value" : "Strongly agree",
      "expressions" : "property(question_37(5))",
      "default" : false
    } ]
  }, {
    "action" : "question_38",
    "timesOccurred" : 0,
    "outputs" : [ {
      "valueAlternatives" : [ {
        "type" : "text",
        "text" : "<b>I can use the right punctuation marks and put them in the right places in my text.</b>",
        "delay" : 5000
      } ]
    } ],
    "quickReplies" : [ {
      "value" : "Strongly disagree",
      "expressions" : "property(question_38(1))",
      "default" : false
    }, {
      "value" : "Disagree",
      "expressions" : "property(question_38(2))",
      "default" : false
    }, {
      "value" : "Undecided",
      "expressions" : "property(question_38(3))",
      "default" : false
    }, {
      "value" : "Agree",
      "expressions" : "property(question_38(4))",
      "default" : false
    }, {
      "value" : "Strongly agree",
      "expressions" : "property(question_38(5))",
      "default" : false
    } ]
  }, {
    "action" : "question_39",
    "timesOccurred" : 0,
    "outputs" : [ {
      "valueAlternatives" : [ {
        "type" : "text",
        "text" : "<b>I can write a paper that connects the different paragraphs in a coherent way.</b>",
        "delay" : 5000
      } ]
    } ],
    "quickReplies" : [ {
      "value" : "Strongly disagree",
      "expressions" : "property(question_39(1))",
      "default" : false
    }, {
      "value" : "Disagree",
      "expressions" : "property(question_39(2))",
      "default" : false
    }, {
      "value" : "Undecided",
      "expressions" : "property(question_39(3))",
      "default" : false
    }, {
      "value" : "Agree",
      "expressions" : "property(question_39(4))",
      "default" : false
    }, {
      "value" : "Strongly agree",
      "expressions" : "property(question_39(5))",
      "default" : false
    } ]
  }, {
    "action" : "question_40",
    "timesOccurred" : 0,
    "outputs" : [ {
      "valueAlternatives" : [ {
        "type" : "text",
        "text" : "Well, well, you just have 10 questions left. 💪🏼",
        "delay" : 5000
      } ]
    }, {
      "valueAlternatives" : [ {
        "type" : "text",
        "text" : "<b>I can’t revise my own writing because I can’t see my own mistakes.</b>",
        "delay" : 5000
      } ]
    } ],
    "quickReplies" : [ {
      "value" : "Strongly disagree",
      "expressions" : "property(question_40(1))",
      "default" : false
    }, {
      "value" : "Disagree",
      "expressions" : "property(question_40(2))",
      "default" : false
    }, {
      "value" : "Undecided",
      "expressions" : "property(question_40(3))",
      "default" : false
    }, {
      "value" : "Agree",
      "expressions" : "property(question_40(4))",
      "default" : false
    }, {
      "value" : "Strongly agree",
      "expressions" : "property(question_40(5))",
      "default" : false
    } ]
  }, {
    "action" : "question_41",
    "timesOccurred" : 0,
    "outputs" : [ {
      "valueAlternatives" : [ {
        "type" : "text",
        "text" : "<b>The teacher is the most important audience.</b>",
        "delay" : 5000
      } ]
    } ],
    "quickReplies" : [ {
      "value" : "Strongly disagree",
      "expressions" : "property(question_41(1))",
      "default" : false
    }, {
      "value" : "Disagree",
      "expressions" : "property(question_41(2))",
      "default" : false
    }, {
      "value" : "Undecided",
      "expressions" : "property(question_41(3))",
      "default" : false
    }, {
      "value" : "Agree",
      "expressions" : "property(question_41(4))",
      "default" : false
    }, {
      "value" : "Strongly agree",
      "expressions" : "property(question_41(5))",
      "default" : false
    } ]
  }, {
    "action" : "question_42",
    "timesOccurred" : 0,
    "outputs" : [ {
      "valueAlternatives" : [ {
        "type" : "text",
        "text" : "<b>The main reason for writing an essay or paper is to get a good grade on it.</b>",
        "delay" : 5000
      } ]
    } ],
    "quickReplies" : [ {
      "value" : "Strongly disagree",
      "expressions" : "property(question_42(1))",
      "default" : false
    }, {
      "value" : "Disagree",
      "expressions" : "property(question_42(2))",
      "default" : false
    }, {
      "value" : "Undecided",
      "expressions" : "property(question_42(3))",
      "default" : false
    }, {
      "value" : "Agree",
      "expressions" : "property(question_42(4))",
      "default" : false
    }, {
      "value" : "Strongly agree",
      "expressions" : "property(question_42(5))",
      "default" : false
    } ]
  }, {
    "action" : "question_43",
    "timesOccurred" : 0,
    "outputs" : [ {
      "valueAlternatives" : [ {
        "type" : "text",
        "text" : "<b>Good writing skills are essential in my career.</b>",
        "delay" : 5000
      } ]
    } ],
    "quickReplies" : [ {
      "value" : "Strongly disagree",
      "expressions" : "property(question_43(1))",
      "default" : false
    }, {
      "value" : "Disagree",
      "expressions" : "property(question_43(2))",
      "default" : false
    }, {
      "value" : "Undecided",
      "expressions" : "property(question_43(3))",
      "default" : false
    }, {
      "value" : "Agree",
      "expressions" : "property(question_43(4))",
      "default" : false
    }, {
      "value" : "Strongly agree",
      "expressions" : "property(question_43(5))",
      "default" : false
    } ]
  }, {
    "action" : "question_44",
    "timesOccurred" : 0,
    "outputs" : [ {
      "valueAlternatives" : [ {
        "type" : "text",
        "text" : "<b>My writing skills will not be an important factor in whether I’m promoted in my profession.</b>",
        "delay" : 5000
      } ]
    } ],
    "quickReplies" : [ {
      "value" : "Strongly disagree",
      "expressions" : "property(question_44(1))",
      "default" : false
    }, {
      "value" : "Disagree",
      "expressions" : "property(question_44(2))",
      "default" : false
    }, {
      "value" : "Undecided",
      "expressions" : "property(question_44(3))",
      "default" : false
    }, {
      "value" : "Agree",
      "expressions" : "property(question_44(4))",
      "default" : false
    }, {
      "value" : "Strongly agree",
      "expressions" : "property(question_44(5))",
      "default" : false
    } ]
  }, {
    "action" : "question_45",
    "timesOccurred" : 0,
    "outputs" : [ {
      "valueAlternatives" : [ {
        "type" : "text",
        "text" : "<b>The ability to write well is becoming less important for professional success.</b>",
        "delay" : 5000
      } ]
    } ],
    "quickReplies" : [ {
      "value" : "Strongly disagree",
      "expressions" : "property(question_45(1))",
      "default" : false
    }, {
      "value" : "Disagree",
      "expressions" : "property(question_45(2))",
      "default" : false
    }, {
      "value" : "Undecided",
      "expressions" : "property(question_45(3))",
      "default" : false
    }, {
      "value" : "Agree",
      "expressions" : "property(question_45(4))",
      "default" : false
    }, {
      "value" : "Strongly agree",
      "expressions" : "property(question_45(5))",
      "default" : false
    } ]
  }, {
    "action" : "question_46",
    "timesOccurred" : 0,
    "outputs" : [ {
      "valueAlternatives" : [ {
        "type" : "text",
        "text" : "<b>Writing about myself on Facebook is good practice for developing professional media writing skills.</b>",
        "delay" : 5000
      } ]
    } ],
    "quickReplies" : [ {
      "value" : "Completely true of me",
      "expressions" : "property(question_46(1))",
      "default" : false
    }, {
      "value" : "Disagree",
      "expressions" : "property(question_46(2))",
      "default" : false
    }, {
      "value" : "Undecided",
      "expressions" : "property(question_46(3))",
      "default" : false
    }, {
      "value" : "Agree",
      "expressions" : "property(question_46(4))",
      "default" : false
    }, {
      "value" : "Strongly agree",
      "expressions" : "property(question_46(5))",
      "default" : false
    } ]
  }, {
    "action" : "question_47",
    "timesOccurred" : 0,
    "outputs" : [ {
      "valueAlternatives" : [ {
        "type" : "text",
        "text" : "<b>The writing style used in texting gives media writer’s bad habits to overcome.</b>",
        "delay" : 5000
      } ]
    } ],
    "quickReplies" : [ {
      "value" : "Strongly disagree",
      "expressions" : "property(question_47(1))",
      "default" : false
    }, {
      "value" : "Disagree",
      "expressions" : "property(question_47(2))",
      "default" : false
    }, {
      "value" : "Undecided",
      "expressions" : "property(question_47(3))",
      "default" : false
    }, {
      "value" : "Agree",
      "expressions" : "property(question_47(4))",
      "default" : false
    }, {
      "value" : "Strongly agree",
      "expressions" : "property(question_47(5))",
      "default" : false
    } ]
  }, {
    "action" : "question_48",
    "timesOccurred" : 0,
    "outputs" : [ {
      "valueAlternatives" : [ {
        "type" : "text",
        "text" : "<b>Writing good blog copy uses the same skills as writing good newspaper copy.</b>",
        "delay" : 5000
      } ]
    } ],
    "quickReplies" : [ {
      "value" : "Strongly disagree",
      "expressions" : "property(question_48(1))",
      "default" : false
    }, {
      "value" : "Disagree",
      "expressions" : "property(question_48(2))",
      "default" : false
    }, {
      "value" : "Undecided",
      "expressions" : "property(question_48(3))",
      "default" : false
    }, {
      "value" : "Agree",
      "expressions" : "property(question_48(4))",
      "default" : false
    }, {
      "value" : "Strongly agree",
      "expressions" : "property(question_48(5))",
      "default" : false
    } ]
  }, {
    "action" : "question_49",
    "timesOccurred" : 0,
    "outputs" : [ {
      "valueAlternatives" : [ {
        "type" : "text",
        "text" : "<b>Because I can write witty “tweets” on Twitter, I can also write professional media articles.</b>",
        "delay" : 5000
      } ]
    } ],
    "quickReplies" : [ {
      "value" : "Strongly disagree",
      "expressions" : "property(question_49(1))",
      "default" : false
    }, {
      "value" : "Disagree",
      "expressions" : "property(question_49(2))",
      "default" : false
    }, {
      "value" : "Undecided",
      "expressions" : "property(question_49(3))",
      "default" : false
    }, {
      "value" : "Agree",
      "expressions" : "property(question_49(4))",
      "default" : false
    }, {
      "value" : "Strongly agree",
      "expressions" : "property(question_49(5))",
      "default" : false
    } ]
  }, {
    "action" : "question_50",
    "timesOccurred" : 0,
    "outputs" : [ {
      "valueAlternatives" : [ {
        "type" : "text",
        "text" : "<b>YouTube videos don’t need the “textbook” production techniques taught in my program.</b>",
        "delay" : 5000
      } ]
    } ],
    "quickReplies" : [ {
      "value" : "Strongly disagree",
      "expressions" : "property(question_50(1))",
      "default" : false
    }, {
      "value" : "Disagree",
      "expressions" : "property(question_50(2))",
      "default" : false
    }, {
      "value" : "Undecided",
      "expressions" : "property(question_50(3))",
      "default" : false
    }, {
      "value" : "Agree",
      "expressions" : "property(question_50(4))",
      "default" : false
    }, {
      "value" : "Strongly agree",
      "expressions" : "property(question_50(5))",
      "default" : false
    } ]
  }, {
    "action" : "scores_intro",
    "timesOccurred" : 0,
    "outputs" : [ {
      "valueAlternatives" : [ {
        "type" : "text",
        "text" : "Congratulations! You've just completed the <b>Media Writer's Self Perception Scale</b> survey 🙂",
        "delay" : 3000
      } ]
    }, {
      "valueAlternatives" : [ {
        "type" : "text",
        "text" : "Your scores will be displayed below.",
        "delay" : 1000
      } ]
    } ],
    "quickReplies" : [ {
      "value" : "Show my Scores",
      "expressions" : "showScores",
      "default" : false
    } ]
  } ]
}