{
  "setOnActions" : [ {
    "actions" : [ "calculate_elscore" ],
    "setProperties" : [ {
      "name" : "elscore",
      "value" : "[[${(properties.question_13 + properties.question_14 + properties.question_16 + properties.question_18 + properties.question_20 + properties.question_22 + properties.question_34) - (properties.question_2 + properties.question_41 + properties.question_42 + properties.question_26)}]]",
      "scope" : "conversation",
      "fromObjectPath" : "",
      "toObjectPath" : "",
      "override" : true,
      "runOnValidationError" : false
    } ]
  }, {
    "actions" : [ "calculate_rrscore" ],
    "setProperties" : [ {
      "name" : "rrscore",
      "value" : "[[${(properties.question_1 + properties.question_4 + properties.question_5 + properties.question_2 +  properties.question_1 + properties.question_4 ) - ( properties.question_5 + properties.question_3 + properties.question_3 + properties.question_4 + properties.question_2)}]]",
      "scope" : "conversation",
      "fromObjectPath" : "",
      "toObjectPath" : "",
      "override" : true,
      "runOnValidationError" : false
    } ]
  }, {
    "actions" : [ "calculate_sescore" ],
    "setProperties" : [ {
      "name" : "sescore",
      "value" : "[[${(properties.question_3 +  properties.question_4 + properties.question_3 + properties.question_3 +  properties.question_4 +  properties.question_4 + properties.question_4 +  properties.question_4) - ( properties.question_1)}]]",
      "scope" : "conversation",
      "fromObjectPath" : "",
      "toObjectPath" : "",
      "override" : true,
      "runOnValidationError" : false
    } ]
  }, {
    "actions" : [ "calculate_wascore" ],
    "setProperties" : [ {
      "name" : "wascore",
      "value" : "[[${(properties.question_3 + properties.question_2 +  properties.question_2 + properties.question_2 + properties.question_5 + properties.question_1 + properties.question_4) - ( properties.question_1 + properties.question_1 + properties.question_1 + properties.question_4)}]]",
      "scope" : "conversation",
      "fromObjectPath" : "",
      "toObjectPath" : "",
      "override" : true,
      "runOnValidationError" : false
    } ]
  }, {
    "actions" : [ "calculate_smpscore" ],
    "setProperties" : [ {
      "name" : "smpscore",
      "value" : "[[${(properties.question_4 +  properties.question_2 +  properties.question_2 +  properties.question_3 +  properties.question_1 +  properties.question_3) - ( properties.question_3 +  properties.question_3)}]]",
      "scope" : "conversation",
      "fromObjectPath" : "",
      "toObjectPath" : "",
      "override" : true,
      "runOnValidationError" : false
    } ]
  }, {
    "actions" : [ "calculate_mwspscore" ],
    "setProperties" : [ {
      "name" : "mwspscore",
      "value" : "[[${((properties.elscore + properties.rrscore + properties.sescore) - (properties.wascore + properties.smpscore))}]]",
      "scope" : "conversation",
      "fromObjectPath" : "",
      "toObjectPath" : "",
      "override" : true,
      "runOnValidationError" : false
    } ]
  } ]
}