{
  "outputSet" : [ {
    "action" : "output_elscore_low",
    "timesOccurred" : 0,
    "outputs" : [ {
      "valueAlternatives" : [ {
        "type" : "text",
        "text" : "Your <b>Elaborative/Surface score</b> is <b>[[${properties.elscore}]]</b> <br/><br/>Elaborative/Surface score (<b>ELscore</b>) is a measure of how much you like to think about your writing and how important your writing is for you.",
        "delay" : 1000
      } ]
    }, {
      "valueAlternatives" : [ {
        "type" : "text",
        "text" : "Your Elaborative/Surface score (ELscore) refers to how much you think about the writing process when you write, and any positive feelings you associate with the task of writing, improving your writing, and learning about writing. Elaborative/Surface scores can vary from a high of 31 to a low of −13.",
        "delay" : 3000
      } ]
    }, {
      "valueAlternatives" : [ {
        "type" : "text",
        "text" : "As you scored low with <b>[[${properties.elscore}]] points on <b>ELscore</b>, it means you tend to just write what you need to as you complete a task, without necessarily enjoying, learning, and thinking about what it is you are writing about.</b>",
        "delay" : 5000
      } ]
    } ],
    "quickReplies" : [ {
      "value" : "Get RRscore",
      "expressions" : "nextScore",
      "default" : false
    } ]
  }, {
    "action" : "output_elscore_medium",
    "timesOccurred" : 0,
    "outputs" : [ {
      "valueAlternatives" : [ {
        "type" : "text",
        "text" : "Your <b>Elaborative/Surface score</b> is <b>[[${properties.elscore}]]</b> <br/><br/>Elaborative/Surface score (<b>ELscore</b>) is a measure of how much you like to think about your writing and how important your writing is for you.",
        "delay" : 1000
      } ]
    }, {
      "valueAlternatives" : [ {
        "type" : "text",
        "text" : "Your Elaborative/Surface score (ELscore) refers to how much you think about the writing process when you write, and any positive feelings you associate with the task of writing, improving your writing, and learning about writing. Elaborative/Surface scores can vary from a high of 31 to a low of −13.",
        "delay" : 3000
      } ]
    }, {
      "valueAlternatives" : [ {
        "type" : "text",
        "text" : "As you scored medium with <b>[[${properties.elscore}]]</b> points on <b>ELscore</b>, it means you don't think much about what you like to say in your writing.",
        "delay" : 5000
      } ]
    } ],
    "quickReplies" : [ {
      "value" : "Get RRscore",
      "expressions" : "nextScore",
      "default" : false
    } ]
  }, {
    "action" : "output_elscore_high",
    "timesOccurred" : 0,
    "outputs" : [ {
      "valueAlternatives" : [ {
        "type" : "text",
        "text" : "Your <b>Elaborative/Surface score</b> is <b>[[${properties.elscore}]]</b> <br/><br/>Elaborative/Surface score (<b>ELscore</b>) is a measure of how much you like to think about your writing and how important your writing is for you.",
        "delay" : 1000
      } ]
    }, {
      "valueAlternatives" : [ {
        "type" : "text",
        "text" : "Your Elaborative/Surface score (ELscore) refers to how much you think about the writing process when you write, and any positive feelings you associate with the task of writing, improving your writing, and learning about writing. Elaborative/Surface scores can vary from a high of 31 to a low of −13.",
        "delay" : 3000
      } ]
    }, {
      "valueAlternatives" : [ {
        "type" : "text",
        "text" : "As you scored high with <b>[[${properties.elscore}]]</b> points on <b>ELscore</b>, it means you tend to see yourself as a \"deep\" writer who likes to think about what you write, and you enjoy doing it.",
        "delay" : 5000
      } ]
    } ],
    "quickReplies" : [ {
      "value" : "Get RRscore",
      "expressions" : "nextScore",
      "default" : false
    } ]
  }, {
    "action" : "output_rrscore_low",
    "timesOccurred" : 0,
    "outputs" : [ {
      "valueAlternatives" : [ {
        "type" : "text",
        "text" : "Your <b>Reflective/Revisionist score</b> is <b>[[${properties.rrscore}]]</b> <br/><br/> Reflective/Revisionist score (<b>RRscore</b>) is a measure of how much you like to review, edit, and revise your writing before you are happy with your final draft. The numbers in the parentheses are the item numbers.",
        "delay" : 1000
      } ]
    }, {
      "valueAlternatives" : [ {
        "type" : "text",
        "text" : "Your Reflective/Revisionist score (RRscore) refers to how much you work to make your drafts as good as you think they can possibly be, including whether or not you plan time to write, whether or not you engage preparation writing skills, and how much you like to revise your drafts. Reflective/ Revisionist scores can vary from a high of 25 to a low of −19.",
        "delay" : 3000
      } ]
    }, {
      "valueAlternatives" : [ {
        "type" : "text",
        "text" : "As you scored low with <b>[[${properties.rrscore}]]</b> points on <b>RRscore</b>, it means that you tend to just write what you need to in a single draft, without changing it, and you may procrastinate as a writer and write just a single draft without spending time thinking about your writing.",
        "delay" : 5000
      } ]
    } ],
    "quickReplies" : [ {
      "value" : "Get SEscore",
      "expressions" : "nextScore",
      "default" : false
    } ]
  }, {
    "action" : "output_rrscore_medium",
    "timesOccurred" : 0,
    "outputs" : [ {
      "valueAlternatives" : [ {
        "type" : "text",
        "text" : "Your <b>Reflective/Revisionist score</b> is <b>[[${properties.rrscore}]]</b> Reflective/Revisionist score (<b>RRscore</b>) is a measure of how much you like to review, edit, and revise your writing before you are happy with your final draft. The numbers in the parentheses are the item numbers.",
        "delay" : 1000
      } ]
    }, {
      "valueAlternatives" : [ {
        "type" : "text",
        "text" : "Your Reflective/Revisionist score (RRscore) refers to how much you work to make your drafts as good as you think they can possibly be, including whether or not you plan time to write, whether or not you engage preparation writing skills, and how much you like to revise your drafts. Reflective/ Revisionist scores can vary from a high of 25 to a low of −19.",
        "delay" : 3000
      } ]
    }, {
      "valueAlternatives" : [ {
        "type" : "text",
        "text" : "As you scored medium with <b>[[${properties.rrscore}]]</b> points on <b>RRscore</b>, it means that you don’t think much about preparing to write and you only occasionally work to revise your drafts.",
        "delay" : 5000
      } ]
    } ],
    "quickReplies" : [ {
      "value" : "Get SEscore",
      "expressions" : "nextScore",
      "default" : false
    } ]
  }, {
    "action" : "output_rrscore_high",
    "timesOccurred" : 0,
    "outputs" : [ {
      "valueAlternatives" : [ {
        "type" : "text",
        "text" : "Your <b>Reflective/Revisionist score</b> is <b>[[${properties.rrscore}]]</b> Reflective/Revisionist score (<b>RRscore</b>) is a measure of how much you like to review, edit, and revise your writing before you are happy with your final draft. The numbers in the parentheses are the item numbers.",
        "delay" : 1000
      } ]
    }, {
      "valueAlternatives" : [ {
        "type" : "text",
        "text" : "Your Reflective/Revisionist score (RRscore) refers to how much you work to make your drafts as good as you think they can possibly be, including whether or not you plan time to write, whether or not you engage preparation writing skills, and how much you like to revise your drafts. Reflective/ Revisionist scores can vary from a high of 25 to a low of −19.",
        "delay" : 3000
      } ]
    }, {
      "valueAlternatives" : [ {
        "type" : "text",
        "text" : "As you scored high with <b>[[${properties.rrscore}]]</b> points on <b>RRscore</b>, you tend to see yourself as a \"deep\" writer who likes to rework what you write to make it the best you can, with as much preparation for writing as you can take.",
        "delay" : 5000
      } ]
    } ],
    "quickReplies" : [ {
      "value" : "Get SEscore",
      "expressions" : "nextScore",
      "default" : false
    } ]
  }, {
    "action" : "output_sescore_low",
    "timesOccurred" : 0,
    "outputs" : [ {
      "valueAlternatives" : [ {
        "type" : "text",
        "text" : "Your <b>Writing Self-Efficacy score</b> is <b>[[${properties.sescore}]]</b> <br/><br/> Writing Self-Efficacy score (<b>SEscore</b>) is a measure of your degree of confidence in your various writing skills, including spelling, grammar, punctuation, paragraph development, generating ideas, and organizing your writing.",
        "delay" : 1000
      } ]
    }, {
      "valueAlternatives" : [ {
        "type" : "text",
        "text" : "Your Writing Self-Efficacy score (SEscore) refers to your level of confidence in your writing skills, including things like spelling, punctuation, grammar, organization, paragraph development, and thinking about your intended audience. Writing Self-Efficacy scores can vary from a high of 39 to a low of 3.",
        "delay" : 3000
      } ]
    }, {
      "valueAlternatives" : [ {
        "type" : "text",
        "text" : "As you scored low with <b>[[${properties.sescore}]]</b> points on <b> SEscore</b>, it means that you tend to have low confidence in one or more of your writing skill areas.",
        "delay" : 5000
      } ]
    } ],
    "quickReplies" : [ {
      "value" : "Get WAscore",
      "expressions" : "nextScore",
      "default" : false
    } ]
  }, {
    "action" : "output_sescore_medium",
    "timesOccurred" : 0,
    "outputs" : [ {
      "valueAlternatives" : [ {
        "type" : "text",
        "text" : "Your <b>Writing Self-Efficacy score</b> is <b>[[${properties.sescore}]]</b> <br/><br/> Writing Self-Efficacy score (<b>SEscore</b>) is a measure of your degree of confidence in your various writing skills, including spelling, grammar, punctuation, paragraph development, generating ideas, and organizing your writing.",
        "delay" : 1000
      } ]
    }, {
      "valueAlternatives" : [ {
        "type" : "text",
        "text" : "Your Writing Self-Efficacy score (SEscore) refers to your level of confidence in your writing skills, including things like spelling, punctuation, grammar, organization, paragraph development, and thinking about your intended audience. Writing Self-Efficacy scores can vary from a high of 39 to a low of 3.",
        "delay" : 3000
      } ]
    }, {
      "valueAlternatives" : [ {
        "type" : "text",
        "text" : "As you scored medium with <b>[[${properties.sescore}]]</b> points on <b>SEscores</b>, it means that you may feel fairly competent as a writer, but possibly think you have some areas in your writing skill set that you can improve.",
        "delay" : 5000
      } ]
    } ],
    "quickReplies" : [ {
      "value" : "Get WAscore",
      "expressions" : "nextScore",
      "default" : false
    } ]
  }, {
    "action" : "output_sescore_high",
    "timesOccurred" : 0,
    "outputs" : [ {
      "valueAlternatives" : [ {
        "type" : "text",
        "text" : "Your <b>Writing Self-Efficacy score</b> is <b>[[${properties.sescore}]]</b> <br/><br/> Writing Self-Efficacy score (<b>SEscore</b>) is a measure of your degree of confidence in your various writing skills, including spelling, grammar, punctuation, paragraph development, generating ideas, and organizing your writing.",
        "delay" : 1000
      } ]
    }, {
      "valueAlternatives" : [ {
        "type" : "text",
        "text" : "Your Writing Self-Efficacy score (SEscore) refers to your level of confidence in your writing skills, including things like spelling, punctuation, grammar, organization, paragraph development, and thinking about your intended audience. Writing Self-Efficacy scores can vary from a high of 39 to a low of 3.",
        "delay" : 3000
      } ]
    }, {
      "valueAlternatives" : [ {
        "type" : "text",
        "text" : "As you scored high with <b>[[${properties.sescore}]]</b> points on SEscore, it means that you tend to see yourself as a confident writer who masters the skills of writing.",
        "delay" : 5000
      } ]
    } ],
    "quickReplies" : [ {
      "value" : "Get WAscore",
      "expressions" : "nextScore",
      "default" : false
    } ]
  }, {
    "action" : "output_wascore_low",
    "timesOccurred" : 0,
    "outputs" : [ {
      "valueAlternatives" : [ {
        "type" : "text",
        "text" : "Your <b>Writing Apprehension score</b> is <b>[[${properties.wascore}]]</b> <br/><br/> Writing Apprehension score (<b>WAscore</b>) is a measure of the amount of your perceived anxiety and worry that accompanies your writing assignments.",
        "delay" : 1000
      } ]
    }, {
      "valueAlternatives" : [ {
        "type" : "text",
        "text" : "Your Writing Apprehension score (WAscore) refers to your level of anxiety and worry when working on writing tasks. Writing Apprehension scores can vary from a high of 31 to a low of −13. The higher the Writing Apprehension score, the more anxiety and worry you say you experience when working on a writing task. ",
        "delay" : 3000
      } ]
    }, {
      "valueAlternatives" : [ {
        "type" : "text",
        "text" : "As you scored low with <b>[[${properties.wascore}]]</b> on <b>WAscore</b>, it means that you say you approach writing as an enjoyable task without anxiety or worry.",
        "delay" : 5000
      } ]
    } ],
    "quickReplies" : [ {
      "value" : "Get SMPscore",
      "expressions" : "nextScore",
      "default" : false
    } ]
  }, {
    "action" : "output_wascore_medium",
    "timesOccurred" : 0,
    "outputs" : [ {
      "valueAlternatives" : [ {
        "type" : "text",
        "text" : "Your <b>Writing Apprehension score</b> is <b>[[${properties.wascore}]]</b> <br/><br/> Writing Apprehension score (<b>WAscore</b>) is a measure of the amount of your perceived anxiety and worry that accompanies your writing assignments.",
        "delay" : 1000
      } ]
    }, {
      "valueAlternatives" : [ {
        "type" : "text",
        "text" : "Your Writing Apprehension score (WAscore) refers to your level of anxiety and worry when working on writing tasks. Writing Apprehension scores can vary from a high of 31 to a low of −13. The higher the Writing Apprehension score, the more anxiety and worry you say you experience when working on a writing task. ",
        "delay" : 3000
      } ]
    }, {
      "valueAlternatives" : [ {
        "type" : "text",
        "text" : "As you scored medium with <b>[[${properties.wascore}]]</b> points on <b>WAscore</b>, it means that you have moderate to low levels of anxiety and worry about writing.",
        "delay" : 5000
      } ]
    } ],
    "quickReplies" : [ {
      "value" : "Get SMPscore",
      "expressions" : "nextScore",
      "default" : false
    } ]
  }, {
    "action" : "output_wascore_high",
    "timesOccurred" : 0,
    "outputs" : [ {
      "valueAlternatives" : [ {
        "type" : "text",
        "text" : "Your <b>Writing Apprehension score</b> is <b>[[${properties.wascore}]]</b> <br/><br/> Writing Apprehension score (<b>WAscore</b>) is a measure of the amount of your perceived anxiety and worry that accompanies your writing assignments.",
        "delay" : 1000
      } ]
    }, {
      "valueAlternatives" : [ {
        "type" : "text",
        "text" : "Your Writing Apprehension score (WAscore) refers to your level of anxiety and worry when working on writing tasks. Writing Apprehension scores can vary from a high of 31 to a low of −13. The higher the Writing Apprehension score, the more anxiety and worry you say you experience when working on a writing task.",
        "delay" : 3000
      } ]
    }, {
      "valueAlternatives" : [ {
        "type" : "text",
        "text" : "As you scored high with <b>[[${properties.wascore}]]</b> points on <b>WAscore</b>, it means that you tend to experience significant anxiety and worry when you think about writing tasks.",
        "delay" : 5000
      } ]
    } ],
    "quickReplies" : [ {
      "value" : "Get SMPscore",
      "expressions" : "nextScore",
      "default" : false
    } ]
  }, {
    "action" : "output_smpscore_low",
    "timesOccurred" : 0,
    "outputs" : [ {
      "valueAlternatives" : [ {
        "type" : "text",
        "text" : "Your <b>Social Media/Professional score</b> is <b>[[${properties.smpscore}]]</b> <br/><br/>Social Media/Professional score (<b>SMPscore</b>) is a measure of your perceptions of social media writing, such as the kind of writing one does on Twitter and Facebook, and your beliefs about the importance of this type of writing as it relates to your career choice.",
        "delay" : 1000
      } ]
    }, {
      "valueAlternatives" : [ {
        "type" : "text",
        "text" : "Your Social Media/Professional score (SMPscore) refers to how much you think the informal writing that you do in texting, and on Twitter and Facebook, is the same quality of writing that is used on the job in your career. It also refers to how important you believe good professional writing is in your career. Social Media/Professional scores can vary from a high of 28 to a low of −4.",
        "delay" : 3000
      } ]
    }, {
      "valueAlternatives" : [ {
        "type" : "text",
        "text" : "As you scored low with <b>[[${properties.smpscore}]]</b> on <b>SMPscore</b>, it means that you tend to think that social media writing is something different from good writing in your profession, and that you believe you must use better writing skills on the job than what you do in social media writing amongst friends.",
        "delay" : 5000
      } ]
    } ],
    "quickReplies" : [ {
      "value" : "Get Total Score",
      "expressions" : "nextScore",
      "default" : false
    } ]
  }, {
    "action" : "output_smpscore_medium",
    "timesOccurred" : 0,
    "outputs" : [ {
      "valueAlternatives" : [ {
        "type" : "text",
        "text" : "Your <b>Social Media/Professional score</b> is <b>[[${properties.smpscore}]]</b> <br/><br/>Social Media/Professional score (<b>SMPscore</b>) is a measure of your perceptions of social media writing, such as the kind of writing one does on Twitter and Facebook, and your beliefs about the importance of this type of writing as it relates to your career choice.",
        "delay" : 1000
      } ]
    }, {
      "valueAlternatives" : [ {
        "type" : "text",
        "text" : "Your Social Media/Professional score (SMPscore) refers to how much you think the informal writing that you do in texting, and on Twitter and Facebook, is the same quality of writing that is used on the job in your career. It also refers to how important you believe good professional writing is in your career. Social Media/Professional scores can vary from a high of 28 to a low of −4.",
        "delay" : 3000
      } ]
    }, {
      "valueAlternatives" : [ {
        "type" : "text",
        "text" : "As you scored medium with <b>[[${properties.smpscore}]]</b> points on <b>SMPscore</b>, it means that you tend to think that some social media writing is good, but that you need to do more formal writing on the job.",
        "delay" : 5000
      } ]
    } ],
    "quickReplies" : [ {
      "value" : "Get Total Score",
      "expressions" : "totalScore",
      "default" : false
    } ]
  }, {
    "action" : "output_smpscore_high",
    "timesOccurred" : 0,
    "outputs" : [ {
      "valueAlternatives" : [ {
        "type" : "text",
        "text" : "Your <b>Social Media/Professional score</b> is <b>[[${properties.smpscore}]]</b> <br/><br/>Social Media/Professional score (<b>SMPscore</b>) is a measure of your perceptions of social media writing, such as the kind of writing one does on Twitter and Facebook, and your beliefs about the importance of this type of writing as it relates to your career choice.",
        "delay" : 1000
      } ]
    }, {
      "valueAlternatives" : [ {
        "type" : "text",
        "text" : "Your Social Media/Professional score (SMPscore) refers to how much you think the informal writing that you do in texting, and on Twitter and Facebook, is the same quality of writing that is used on the job in your career. It also refers to how important you believe good professional writing is in your career. Social Media/Professional scores can vary from a high of 28 to a low of −4.",
        "delay" : 3000
      } ]
    }, {
      "valueAlternatives" : [ {
        "type" : "text",
        "text" : "As you scored high with <b>[[${properties.smpscore}]]</b> points on <b>SMPscore</b>, it means that you tend to see your informal writing in social media as skilled, and good enough for you to use on the job.",
        "delay" : 5000
      } ]
    } ],
    "quickReplies" : [ {
      "value" : "Get Total Score",
      "expressions" : "totalScore",
      "default" : false
    } ]
  }, {
    "action" : "output_mwspscore_high",
    "timesOccurred" : 0,
    "outputs" : [ {
      "valueAlternatives" : [ {
        "type" : "text",
        "text" : "Your <b>MWSP/Total</b> is <b>[[${properties.mwspscore}]]</b> ",
        "delay" : 1000
      } ]
    }, {
      "valueAlternatives" : [ {
        "type" : "text",
        "text" : "MWSP total scores can vary from 112 to −88. The higher the score, the more you enjoy writing; the more you feel confident about your writing skills; the more you like to analyze and learn about your topic; the more you like to write in detail about your topic; the more you like to plan, rework, and revise your writing; and the more you like to take a professional approach to writing in your career. ",
        "delay" : 3000
      } ]
    }, {
      "valueAlternatives" : [ {
        "type" : "text",
        "text" : "As you scored high with <b>[[${properties.mwspscore}]]</b> points on <b>MWSP score (Total)</b>, it means that you tend to manifest all these positive elements in the way you think about your writing.",
        "delay" : 5000
      } ]
    } ],
    "quickReplies" : [ ]
  }, {
    "action" : "output_mwspscore_medium",
    "timesOccurred" : 0,
    "outputs" : [ {
      "valueAlternatives" : [ {
        "type" : "text",
        "text" : "Your <b>MWSP/Total</b> is <b>[[${properties.mwspscore}]]</b> ",
        "delay" : 1000
      } ]
    }, {
      "valueAlternatives" : [ {
        "type" : "text",
        "text" : "MWSP total scores can vary from 112 to −88. The higher the score, the more you enjoy writing; the more you feel confident about your writing skills; the more you like to analyze and learn about your topic; the more you like to write in detail about your topic; the more you like to plan, rework, and revise your writing; and the more you like to take a professional approach to writing in your career. ",
        "delay" : 3000
      } ]
    }, {
      "valueAlternatives" : [ {
        "type" : "text",
        "text" : "As you scored medium with <b>[[${properties.mwspscore}]]</b> points on <b>MWSP score (Total)</b>, it means that you experience moderate enjoyment of writing and feel pretty confident in your skills, but you may not spend much time preparing for your writing, or you may not see the need to revise your drafts, and you may not think that your social media writing is much different from what you would need to do on the job.",
        "delay" : 5000
      } ]
    } ],
    "quickReplies" : [ ]
  }, {
    "action" : "output_mwspscore_low",
    "timesOccurred" : 0,
    "outputs" : [ {
      "valueAlternatives" : [ {
        "type" : "text",
        "text" : "Your <b>MWSP/Total</b> is <b>[[${properties.mwspscore}]]</b> ",
        "delay" : 1000
      } ]
    }, {
      "valueAlternatives" : [ {
        "type" : "text",
        "text" : "MWSP total scores can vary from 112 to −88. The higher the score, the more you enjoy writing; the more you feel confident about your writing skills; the more you like to analyze and learn about your topic; the more you like to write in detail about your topic; the more you like to plan, rework, and revise your writing; and the more you like to take a professional approach to writing in your career. ",
        "delay" : 3000
      } ]
    }, {
      "valueAlternatives" : [ {
        "type" : "text",
        "text" : "As you scored low with <b>[[${properties.mwspscore}]]</b> points on <b>MWSP score (Total)</b>, it means that you are not very happy with your writing and you don’t like doing formal writing. You may avoid writing, and try not to spend time analyzing a writing task. You may experience high writing apprehension and feel low confidence in your skills. You may feel that the informal type of writing you do in texting and on social media is good enough for you to do OK on your job, even if there are punctuation, grammatical, and spelling errors. You may not care about writing at all.",
        "delay" : 5000
      } ]
    } ],
    "quickReplies" : [ ]
  }, {
    "action" : "good_bye",
    "timesOccurred" : 0,
    "outputs" : [ {
      "valueAlternatives" : [ {
        "type" : "text",
        "text" : "Thanks for taking part in this survey!",
        "delay" : 2000
      } ]
    }, {
      "valueAlternatives" : [ {
        "type" : "text",
        "text" : "This test has been taken from the book \"Basics of Media Writing\", by Kuehn and Scott. Great book, you should buy and read it!",
        "delay" : 3000
      } ]
    }, {
      "valueAlternatives" : [ {
        "type" : "text",
        "text" : "Good bye!",
        "delay" : 1500
      } ]
    } ],
    "quickReplies" : [ ]
  } ]
}