{
  "behaviorGroups" : [ {
    "name" : "afterScoreCalculation",
    "behaviorRules" : [ {
      "name" : "Output ELscore for High Score",
      "actions" : [ "output_elscore", "output_elscore_high" ],
      "conditions" : [ {
        "type" : "inputmatcher",
        "configs" : {
          "expressions" : "*"
        }
      }, {
        "type" : "actionmatcher",
        "configs" : {
          "actions" : "scores_intro",
          "occurrence" : "lastStep"
        }
      }, {
        "type" : "dynamicvaluematcher",
        "configs" : {
          "valuePath" : "properties.elscore >= 18"
        }
      } ]
    }, {
      "name" : "Output ELscore for Medium Score",
      "actions" : [ "output_elscore", "output_elscore_medium" ],
      "conditions" : [ {
        "type" : "inputmatcher",
        "configs" : {
          "expressions" : "*"
        }
      }, {
        "type" : "actionmatcher",
        "configs" : {
          "actions" : "scores_intro",
          "occurrence" : "lastStep"
        }
      }, {
        "type" : "dynamicvaluematcher",
        "configs" : {
          "valuePath" : "properties.elscore <= 17"
        }
      }, {
        "type" : "dynamicvaluematcher",
        "configs" : {
          "valuePath" : "properties.elscore >= 6"
        }
      } ]
    }, {
      "name" : "Output ELscore for Low Score",
      "actions" : [ "output_elscore", "output_elscore_low" ],
      "conditions" : [ {
        "type" : "inputmatcher",
        "configs" : {
          "expressions" : "*"
        }
      }, {
        "type" : "actionmatcher",
        "configs" : {
          "actions" : "scores_intro",
          "occurrence" : "lastStep"
        }
      }, {
        "type" : "dynamicvaluematcher",
        "configs" : {
          "valuePath" : "properties.elscore <= 5"
        }
      } ]
    }, {
      "name" : "Output RRscore for High Score",
      "actions" : [ "output_rrscore", "output_rrscore_high" ],
      "conditions" : [ {
        "type" : "inputmatcher",
        "configs" : {
          "expressions" : "*"
        }
      }, {
        "type" : "actionmatcher",
        "configs" : {
          "actions" : "output_elscore",
          "occurrence" : "lastStep"
        }
      }, {
        "type" : "dynamicvaluematcher",
        "configs" : {
          "valuePath" : "properties.rrscore <= 25"
        }
      }, {
        "type" : "dynamicvaluematcher",
        "configs" : {
          "valuePath" : "properties.rrscore >= 13"
        }
      } ]
    }, {
      "name" : "Output RRscore for Medium Score",
      "actions" : [ "output_rrscore", "output_rrscore_medium" ],
      "conditions" : [ {
        "type" : "inputmatcher",
        "configs" : {
          "expressions" : "*"
        }
      }, {
        "type" : "actionmatcher",
        "configs" : {
          "actions" : "output_elscore",
          "occurrence" : "lastStep"
        }
      }, {
        "type" : "dynamicvaluematcher",
        "configs" : {
          "valuePath" : "properties.rrscore <= 12"
        }
      }, {
        "type" : "dynamicvaluematcher",
        "configs" : {
          "valuePath" : "properties.rrscore >= 0"
        }
      } ]
    }, {
      "name" : "Output RRscore for Low Score",
      "actions" : [ "output_rrscore", "output_rrscore_low" ],
      "conditions" : [ {
        "type" : "inputmatcher",
        "configs" : {
          "expressions" : "*"
        }
      }, {
        "type" : "actionmatcher",
        "configs" : {
          "actions" : "output_elscore",
          "occurrence" : "lastStep"
        }
      }, {
        "type" : "dynamicvaluematcher",
        "configs" : {
          "valuePath" : "properties.rrscore <= -1"
        }
      } ]
    }, {
      "name" : "Output SEscore for High Score",
      "actions" : [ "output_sescore", "output_sescore_high" ],
      "conditions" : [ {
        "type" : "inputmatcher",
        "configs" : {
          "expressions" : "*"
        }
      }, {
        "type" : "actionmatcher",
        "configs" : {
          "actions" : "output_rrscore",
          "occurrence" : "lastStep"
        }
      }, {
        "type" : "dynamicvaluematcher",
        "configs" : {
          "valuePath" : "properties.sescore <= 39"
        }
      }, {
        "type" : "dynamicvaluematcher",
        "configs" : {
          "valuePath" : "properties.sescore >= 25"
        }
      } ]
    }, {
      "name" : "Output SEscore for Medium Score",
      "actions" : [ "output_sescore", "output_sescore_medium" ],
      "conditions" : [ {
        "type" : "inputmatcher",
        "configs" : {
          "expressions" : "*"
        }
      }, {
        "type" : "actionmatcher",
        "configs" : {
          "actions" : "output_rrscore",
          "occurrence" : "lastStep"
        }
      }, {
        "type" : "dynamicvaluematcher",
        "configs" : {
          "valuePath" : "properties.sescore <= 24"
        }
      }, {
        "type" : "dynamicvaluematcher",
        "configs" : {
          "valuePath" : "properties.sescore >= 12"
        }
      } ]
    }, {
      "name" : "Output SEscore for Low Score",
      "actions" : [ "output_sescore", "output_sescore_low" ],
      "conditions" : [ {
        "type" : "inputmatcher",
        "configs" : {
          "expressions" : "*"
        }
      }, {
        "type" : "actionmatcher",
        "configs" : {
          "actions" : "output_rrscore",
          "occurrence" : "lastStep"
        }
      }, {
        "type" : "dynamicvaluematcher",
        "configs" : {
          "valuePath" : "properties.sescore <= 11"
        }
      } ]
    }, {
      "name" : "Output WAscore for High Score",
      "actions" : [ "output_wascore", "output_wascore_high" ],
      "conditions" : [ {
        "type" : "inputmatcher",
        "configs" : {
          "expressions" : "*"
        }
      }, {
        "type" : "actionmatcher",
        "configs" : {
          "actions" : "output_sescore",
          "occurrence" : "lastStep"
        }
      }, {
        "type" : "dynamicvaluematcher",
        "configs" : {
          "valuePath" : "properties.wascore >= 18"
        }
      } ]
    }, {
      "name" : "Output WAscore for Medium Score",
      "actions" : [ "output_wascore", "output_wascore_medium" ],
      "conditions" : [ {
        "type" : "inputmatcher",
        "configs" : {
          "expressions" : "*"
        }
      }, {
        "type" : "actionmatcher",
        "configs" : {
          "actions" : "output_sescore",
          "occurrence" : "lastStep"
        }
      }, {
        "type" : "dynamicvaluematcher",
        "configs" : {
          "valuePath" : "properties.wascore <= 17"
        }
      }, {
        "type" : "dynamicvaluematcher",
        "configs" : {
          "valuePath" : "properties.wascore >= 6"
        }
      } ]
    }, {
      "name" : "Output WAscore for Low Score",
      "actions" : [ "output_wascore", "output_wascore_low" ],
      "conditions" : [ {
        "type" : "inputmatcher",
        "configs" : {
          "expressions" : "*"
        }
      }, {
        "type" : "actionmatcher",
        "configs" : {
          "actions" : "output_sescore",
          "occurrence" : "lastStep"
        }
      }, {
        "type" : "dynamicvaluematcher",
        "configs" : {
          "valuePath" : "properties.wascore <= 5"
        }
      } ]
    }, {
      "name" : "Output SMPscore for High Score",
      "actions" : [ "output_smpscore", "output_smpscore_high" ],
      "conditions" : [ {
        "type" : "inputmatcher",
        "configs" : {
          "expressions" : "*"
        }
      }, {
        "type" : "actionmatcher",
        "configs" : {
          "actions" : "output_wascore",
          "occurrence" : "lastStep"
        }
      }, {
        "type" : "dynamicvaluematcher",
        "configs" : {
          "valuePath" : "properties.smpscore >= 18"
        }
      } ]
    }, {
      "name" : "Output SMPscore for Medium Score",
      "actions" : [ "output_smpscore", "output_smpscore_medium" ],
      "conditions" : [ {
        "type" : "inputmatcher",
        "configs" : {
          "expressions" : "*"
        }
      }, {
        "type" : "actionmatcher",
        "configs" : {
          "actions" : "output_wascore",
          "occurrence" : "lastStep"
        }
      }, {
        "type" : "dynamicvaluematcher",
        "configs" : {
          "valuePath" : "properties.smpscore <= 17"
        }
      }, {
        "type" : "dynamicvaluematcher",
        "configs" : {
          "valuePath" : "properties.smpscore >= 8"
        }
      } ]
    }, {
      "name" : "Output SMPscore",
      "actions" : [ "output_smpscore", "output_smpscore_low" ],
      "conditions" : [ {
        "type" : "inputmatcher",
        "configs" : {
          "expressions" : "*"
        }
      }, {
        "type" : "actionmatcher",
        "configs" : {
          "actions" : "output_wascore",
          "occurrence" : "lastStep"
        }
      }, {
        "type" : "dynamicvaluematcher",
        "configs" : {
          "valuePath" : "properties.smpscore <= 7"
        }
      } ]
    }, {
      "name" : "Output MWSPscore for Hign Score",
      "actions" : [ "output_mwspscore", "output_mwspscore_high", "good_bye", "CONVERSATION_END" ],
      "conditions" : [ {
        "type" : "inputmatcher",
        "configs" : {
          "expressions" : "*"
        }
      }, {
        "type" : "actionmatcher",
        "configs" : {
          "actions" : "output_smpscore",
          "occurrence" : "lastStep"
        }
      }, {
        "type" : "dynamicvaluematcher",
        "configs" : {
          "valuePath" : "properties.mwspscore >= 45"
        }
      } ]
    }, {
      "name" : "Output MWSPscore for Medium Score",
      "actions" : [ "output_mwspscore", "output_mwspscore_medium", "good_bye", "CONVERSATION_END" ],
      "conditions" : [ {
        "type" : "inputmatcher",
        "configs" : {
          "expressions" : "*"
        }
      }, {
        "type" : "actionmatcher",
        "configs" : {
          "actions" : "output_smpscore",
          "occurrence" : "lastStep"
        }
      }, {
        "type" : "dynamicvaluematcher",
        "configs" : {
          "valuePath" : "properties.mwspscore <= 44"
        }
      }, {
        "type" : "dynamicvaluematcher",
        "configs" : {
          "valuePath" : "properties.mwspscore >= 10"
        }
      } ]
    }, {
      "name" : "Output MWSPscore for Low Score",
      "actions" : [ "output_mwspscore", "output_mwspscore_low", "good_bye", "CONVERSATION_END" ],
      "conditions" : [ {
        "type" : "inputmatcher",
        "configs" : {
          "expressions" : "*"
        }
      }, {
        "type" : "actionmatcher",
        "configs" : {
          "actions" : "output_smpscore",
          "occurrence" : "lastStep"
        }
      }, {
        "type" : "dynamicvaluematcher",
        "configs" : {
          "valuePath" : "properties.mwspscore <= 9"
        }
      } ]
    } ]
  } ]
}