{
  "outputSet" : [ {
    "action" : "tell_a_joke",
    "timesOccurred" : 0,
    "outputs" : [ {
      "type" : "text",
      "valueAlternatives" : [ "The early bird might get the worm, but the second mouse gets the cheese. 😆", "Knowledge is knowing a tomato is a fruit; Wisdom is not putting it in a fruit salad. 😆", "There are only 10 types of people in the world: those that understand binary and those that don’t. 😆", "CAPS LOCK – Preventing Login Since 1980 😆", "My software never has bugs. It just develops random features. 😆" ]
    } ],
    "quickReplies" : [ ]
  } ]
}