{"packageExtensions":[{"type":"eddi://ai.labs.parser","extensions":{"dictionaries":[{"type":"eddi://ai.labs.parser.dictionaries.regular","config":{"uri":"eddi://ai.labs.regulardictionary/regulardictionarystore/regulardictionaries/5ce54700954998382563ad8f?version=13"}}]},"config":{}},{"type":"eddi://ai.labs.behavior","extensions":{},"config":{"uri":"eddi://ai.labs.behavior/behaviorstore/behaviorsets/5ce54782954998382563ad9f?version=31"}},{"type":"eddi://ai.labs.output","extensions":{},"config":{"uri":"eddi://ai.labs.output/outputstore/outputsets/5ce5473c954998382563ad96?version=52"}},{"type":"eddi://ai.labs.property","extensions":{},"config":{"uri":"eddi://ai.labs.property/propertysetterstore/propertysetters/5d1f9c84e602bc25b2452a8e?version=1"}},{"type":"eddi://ai.labs.templating","extensions":{},"config":{}}]}