{
  "packageExtensions" : [ {
    "type" : "eddi://ai.labs.parser",
    "extensions" : { },
    "config" : { }
  }, {
    "type" : "eddi://ai.labs.behavior",
    "extensions" : { },
    "config" : {
      "uri" : "eddi://ai.labs.behavior/behaviorstore/behaviorsets/5e5e8da8a77bfa04b149dc37?version=1"
    }
  }, {
    "type" : "eddi://ai.labs.output",
    "extensions" : { },
    "config" : {
      "uri" : "eddi://ai.labs.output/outputstore/outputsets/5e5e8da8a77bfa04b149dc38?version=1"
    }
  } ]
}