{
  "packageExtensions" : [ {
    "type" : "eddi://ai.labs.parser",
    "extensions" : {
      "dictionaries" : [ {
        "type" : "eddi://ai.labs.parser.dictionaries.regular",
        "config" : {
          "uri" : "eddi://ai.labs.regulardictionary/regulardictionarystore/regulardictionaries/5dfbd6416318fc61748ac4cd?version=2"
        }
      } ]
    },
    "config" : { }
  }, {
    "type" : "eddi://ai.labs.behavior",
    "extensions" : { },
    "config" : {
      "uri" : "eddi://ai.labs.behavior/behaviorstore/behaviorsets/5dfbd6566318fc61748ac4ce?version=21"
    }
  }, {
    "type" : "eddi://ai.labs.output",
    "extensions" : { },
    "config" : {
      "uri" : "eddi://ai.labs.output/outputstore/outputsets/5dfbd66e6318fc61748ac4cf?version=22"
    }
  }, {
    "type" : "eddi://ai.labs.templating",
    "extensions" : { },
    "config" : { }
  } ]
}