{
  "outputSet" : [ {
    "action" : "welcome",
    "timesOccurred" : 0,
    "outputs" : [ {
      "type" : "text",
      "valueAlternatives" : [ {
        "text" : "(Imagine you are a freshman at university and you are in the middle of your first week)",
        "delay" : 0
      } ]
    }, {
      "type" : "text",
      "valueAlternatives" : [ {
        "text" : "Guess what!!",
        "delay" : 3000
      } ]
    }, {
      "type" : "text",
      "valueAlternatives" : [ {
        "text" : "There is a semester party happening at your campus in two weeks 🎉",
        "delay" : 2000
      } ]
    }, {
      "type" : "text",
      "valueAlternatives" : [ {
        "text" : "What do you think? Want to go? 😁",
        "delay" : 2000
      } ]
    } ],
    "quickReplies" : [ {
      "value" : "no",
      "expressions" : "semester_party(no_go)"
    }, {
      "value" : "not sure",
      "expressions" : "semester_party(maybe_go)"
    }, {
      "value" : "yes",
      "expressions" : "semester_party(going)"
    } ]
  }, {
    "action" : "semester_party_no_go",
    "timesOccurred" : 0,
    "outputs" : [ {
      "type" : "text",
      "valueAlternatives" : [ {
        "text" : "Oh, I see.",
        "delay" : 800
      } ]
    }, {
      "type" : "text",
      "valueAlternatives" : [ {
        "text" : "Can I ask why? 😊",
        "delay" : 1000
      } ]
    }, {
      "type" : "text",
      "valueAlternatives" : [ {
        "text" : "Do you not have time or anyone to go with maybe?",
        "delay" : 2000
      } ]
    } ],
    "quickReplies" : [ {
      "value" : "I don't want to talk about it",
      "expressions" : "no_go(dont_want_to_talk)"
    }, {
      "value" : "No reason",
      "expressions" : "no_go(no_reason)"
    }, {
      "value" : "Do not have time/have other plans",
      "expressions" : "no_go(do_not_have_time)"
    }, {
      "value" : "Have no one to go with",
      "expressions" : "no_go(have_no_one_to_go_with)"
    }, {
      "value" : "It's not my thing/don't like parties",
      "expressions" : "no_go(dont_like_parties)"
    } ]
  }, {
    "action" : "dont_want_to_talk",
    "timesOccurred" : 0,
    "outputs" : [ {
      "type" : "text",
      "valueAlternatives" : [ {
        "text" : "Thats ok!",
        "delay" : 1500
      } ]
    }, {
      "type" : "text",
      "valueAlternatives" : [ {
        "text" : "Let me know if you change your mind 😃",
        "delay" : 2000
      } ]
    } ],
    "quickReplies" : [ ]
  }, {
    "action" : "do_not_have_time",
    "timesOccurred" : 0,
    "outputs" : [ {
      "type" : "text",
      "valueAlternatives" : [ {
        "text" : "Ah, busy these days.",
        "delay" : 1500
      } ]
    }, {
      "type" : "text",
      "valueAlternatives" : [ {
        "text" : "Enjoy whatever you are doing then 😁",
        "delay" : 2000
      } ]
    } ],
    "quickReplies" : [ ]
  }, {
    "action" : "no_reason",
    "timesOccurred" : 0,
    "outputs" : [ {
      "type" : "text",
      "valueAlternatives" : [ {
        "text" : "Ok, have a good day.",
        "delay" : 1500
      } ]
    }, {
      "type" : "text",
      "valueAlternatives" : [ {
        "text" : "Talk soon 😃",
        "delay" : 1000
      } ]
    } ],
    "quickReplies" : [ ]
  }, {
    "action" : "dont_like_parties",
    "timesOccurred" : 0,
    "outputs" : [ {
      "type" : "text",
      "valueAlternatives" : [ {
        "text" : "No problem!",
        "delay" : 1500
      } ]
    }, {
      "type" : "text",
      "valueAlternatives" : [ {
        "text" : "Parties is not really my thing either 👌",
        "delay" : 2000
      } ]
    } ],
    "quickReplies" : [ ]
  }, {
    "action" : "have_no_one_to_go_with",
    "timesOccurred" : 0,
    "outputs" : [ {
      "type" : "text",
      "valueAlternatives" : [ {
        "text" : "Going alone can be very scary!",
        "delay" : 800
      } ]
    }, {
      "type" : "text",
      "valueAlternatives" : [ {
        "text" : "But you know what? ",
        "delay" : 1000
      } ]
    }, {
      "type" : "text",
      "valueAlternatives" : [ {
        "text" : "I know some students who are in the same situation as you.",
        "delay" : 1000
      } ]
    }, {
      "type" : "text",
      "valueAlternatives" : [ {
        "text" : "I would gladly put you in touch with these students!!",
        "delay" : 1000
      } ]
    }, {
      "type" : "text",
      "valueAlternatives" : [ {
        "text" : "It will make it less scary to go and maybe you will meet a potential new friend as well 🎉",
        "delay" : 2000
      } ]
    }, {
      "type" : "text",
      "valueAlternatives" : [ {
        "text" : "What do you say?",
        "delay" : 2000
      } ]
    } ],
    "quickReplies" : [ {
      "value" : "Yes",
      "expressions" : "wants_to_be_connected"
    }, {
      "value" : "No",
      "expressions" : "dont_want_to_be_connected"
    }, {
      "value" : "Not sure",
      "expressions" : "not_sure_if_want_to_be_connected"
    }, {
      "value" : "Need more information",
      "expressions" : "not_sure_if_want_to_be_connected"
    } ]
  }, {
    "action" : "wants_to_be_connected",
    "timesOccurred" : 0,
    "outputs" : [ {
      "type" : "text",
      "valueAlternatives" : [ {
        "text" : "Perfect!!",
        "delay" : 1500
      } ]
    }, {
      "type" : "text",
      "valueAlternatives" : [ {
        "text" : "I'll get back to you as soon as I have found other students to join 🙂",
        "delay" : 1500
      } ]
    } ],
    "quickReplies" : [ ]
  }, {
    "action" : "dont_want_to_be_connected",
    "timesOccurred" : 0,
    "outputs" : [ {
      "type" : "text",
      "valueAlternatives" : [ {
        "text" : "That OK. Is there as reason for why you are a bit reluctant to try this? ",
        "delay" : 1500
      } ]
    }, {
      "type" : "text",
      "valueAlternatives" : [ {
        "text" : "You don't have to tell me if you don't want to, but I would love to understand things better 😃",
        "delay" : 2000
      } ]
    } ],
    "quickReplies" : [ {
      "value" : "Sounds a bit strange",
      "expressions" : "sounds_a_bit_strange"
    }, {
      "value" : "How do i initiate contact?",
      "expressions" : "how_do_i_initiate_contact"
    }, {
      "value" : "Will I look stupid?",
      "expressions" : "will_i_look_stupid"
    }, {
      "value" : "Not my thing",
      "expressions" : "not_my_thing"
    }, {
      "value" : "I dont want to tell",
      "expressions" : "i_dont_want_to_tell"
    } ]
  }, {
    "action" : "not_sure_if_want_to_be_connected",
    "timesOccurred" : 0,
    "outputs" : [ {
      "type" : "text",
      "valueAlternatives" : [ {
        "text" : "It might sound a bit strange maybe, but it is actually very cool!",
        "delay" : 1500
      } ]
    }, {
      "type" : "text",
      "valueAlternatives" : [ {
        "text" : "There are actually a lot of students that don't want to go because they don't know that many in advance. ",
        "delay" : 1500
      } ]
    }, {
      "type" : "text",
      "valueAlternatives" : [ {
        "text" : "So when people share this with me, I can put together a little group and make it easier to meet new students and be social.",
        "delay" : 1500
      } ]
    }, {
      "type" : "text",
      "valueAlternatives" : [ {
        "text" : "What do you say - want to give it a go? 😍",
        "delay" : 1500
      } ]
    } ],
    "quickReplies" : [ {
      "value" : "Yes",
      "expressions" : "wants_to_give_it_a_try"
    }, {
      "value" : "No",
      "expressions" : "dont_want_to_give_it_a_try"
    } ]
  }, {
    "action" : "sounds_a_bit_strange",
    "timesOccurred" : 0,
    "outputs" : [ {
      "type" : "text",
      "valueAlternatives" : [ {
        "text" : "It might sound a bit strange maybe, but it is actually very cool!",
        "delay" : 1500
      } ]
    }, {
      "type" : "text",
      "valueAlternatives" : [ {
        "text" : "There are actually a lot of students that don't want to go because they don't know that many in advance. ",
        "delay" : 1500
      } ]
    }, {
      "type" : "text",
      "valueAlternatives" : [ {
        "text" : "So when people share this with me, I can put together a little group and make it easier to meet new students and be social.",
        "delay" : 1500
      } ]
    }, {
      "type" : "text",
      "valueAlternatives" : [ {
        "text" : "What do you say - want to give it a go? 😍",
        "delay" : 1500
      } ]
    } ],
    "quickReplies" : [ {
      "value" : "How do I initiate contact?",
      "expressions" : "how_do_i_initiate_contact"
    }, {
      "value" : "Will I look stupid?",
      "expressions" : "will_i_look_stupid"
    }, {
      "value" : "Ok, let's do it",
      "expressions" : "wants_to_be_connected"
    }, {
      "value" : "I think i will pass",
      "expressions" : "i_think_i_will_pass"
    } ]
  }, {
    "action" : "how_do_i_initiate_contact",
    "timesOccurred" : 0,
    "outputs" : [ {
      "type" : "text",
      "valueAlternatives" : [ {
        "text" : "Oh, thats not as difficult as you would think! I will help you by introducing you.",
        "delay" : 1500
      } ]
    }, {
      "type" : "text",
      "valueAlternatives" : [ {
        "text" : "I also have a few tricks up my sleeve if the conversations is a bit stagnant.",
        "delay" : 2000
      } ]
    }, {
      "type" : "text",
      "valueAlternatives" : [ {
        "text" : "It usually goes very well and is nothing to worry about - trust me ❤",
        "delay" : 2000
      } ]
    } ],
    "quickReplies" : [ {
      "value" : "Sounds a bit strange",
      "expressions" : "sounds_a_bit_strange"
    }, {
      "value" : "Will I look stupid?",
      "expressions" : "will_i_look_stupid"
    }, {
      "value" : "Ok, let's do it",
      "expressions" : "wants_to_be_connected"
    }, {
      "value" : "I think i will pass",
      "expressions" : "i_think_i_will_pass"
    } ]
  }, {
    "action" : "will_i_look_stupid",
    "timesOccurred" : 0,
    "outputs" : [ {
      "type" : "text",
      "valueAlternatives" : [ {
        "text" : "No, not at all!",
        "delay" : 1500
      } ]
    }, {
      "type" : "text",
      "valueAlternatives" : [ {
        "text" : "I know initiating contact can be a bit scary when you don't know the person, but i will help you along the way by introducing you.",
        "delay" : 1500
      } ]
    }, {
      "type" : "text",
      "valueAlternatives" : [ {
        "text" : "I also have a few tricks up my sleeve if the conversations is a bit stagnant.",
        "delay" : 1500
      } ]
    }, {
      "type" : "text",
      "valueAlternatives" : [ {
        "text" : "It usually goes very well and is nothing to worry about - trust me ❤",
        "delay" : 1500
      } ]
    } ],
    "quickReplies" : [ {
      "value" : "How do I initiate contact?",
      "expressions" : "how_do_i_initiate_contact"
    }, {
      "value" : "Sounds a bit strange",
      "expressions" : "sounds_a_bit_strange"
    }, {
      "value" : "Ok, let's do it",
      "expressions" : "wants_to_be_connected"
    }, {
      "value" : "I think i will pass",
      "expressions" : "i_think_i_will_pass"
    } ]
  }, {
    "action" : "not_my_thing",
    "timesOccurred" : 0,
    "outputs" : [ {
      "type" : "text",
      "valueAlternatives" : [ {
        "text" : "No problem! let me know if you change your mind 🙂",
        "delay" : 1500
      } ]
    } ],
    "quickReplies" : [ ]
  }, {
    "action" : "i_think_i_will_pass",
    "timesOccurred" : 0,
    "outputs" : [ {
      "type" : "text",
      "valueAlternatives" : [ {
        "text" : "No problem! Let me know if you change your mind 🙂",
        "delay" : 1500
      } ]
    } ],
    "quickReplies" : [ ]
  }, {
    "action" : "wants_to_give_it_a_try",
    "timesOccurred" : 0,
    "outputs" : [ {
      "type" : "text",
      "valueAlternatives" : [ {
        "text" : "Perfect!!",
        "delay" : 1500
      } ]
    }, {
      "type" : "text",
      "valueAlternatives" : [ {
        "text" : "I'll get back to you as soon as I have found other students to join 🙂",
        "delay" : 1500
      } ]
    } ],
    "quickReplies" : [ ]
  }, {
    "action" : "dont_want_to_give_it_a_try",
    "timesOccurred" : 0,
    "outputs" : [ {
      "type" : "text",
      "valueAlternatives" : [ {
        "text" : "No problem! Let me know if you change your mind 🙂",
        "delay" : 1500
      } ]
    } ],
    "quickReplies" : [ ]
  }, {
    "action" : "i_dont_want_to_tell",
    "timesOccurred" : 0,
    "outputs" : [ {
      "type" : "text",
      "valueAlternatives" : [ {
        "text" : "I understand. Let me know if you change your mind 🙂",
        "delay" : 1500
      } ]
    } ],
    "quickReplies" : [ ]
  }, {
    "action" : "going_to_semester_party",
    "timesOccurred" : 0,
    "outputs" : [ {
      "type" : "text",
      "valueAlternatives" : [ {
        "text" : "Perfect! Do you have someone to go with?",
        "delay" : 1500
      } ]
    }, {
      "type" : "text",
      "valueAlternatives" : [ {
        "text" : " I can help you out if you don't have someone to go with. 🙂",
        "delay" : 1500
      } ]
    } ],
    "quickReplies" : [ {
      "value" : "I have someone",
      "expressions" : "going_to_semester_party(i_have_someone)"
    }, {
      "value" : "Not necessary",
      "expressions" : "going_to_semester_party(not_necessary)"
    }, {
      "value" : "hm, maybe?",
      "expressions" : "going_to_semester_party(hm_maybe)"
    }, {
      "value" : "Yes, please help me out!",
      "expressions" : "going_to_semester_party(yes_please_help_me_out)"
    } ]
  }, {
    "action" : "i_have_someone_for_the_party",
    "timesOccurred" : 0,
    "outputs" : [ {
      "type" : "text",
      "valueAlternatives" : [ {
        "text" : "Cool! Hope you have a great semester party then! 🙂",
        "delay" : 1500
      } ]
    } ],
    "quickReplies" : [ ]
  }, {
    "action" : "dont_need_anyone_for_the_party",
    "timesOccurred" : 0,
    "outputs" : [ {
      "type" : "text",
      "valueAlternatives" : [ {
        "text" : "No problem! Have a great party, and let me know if you change your mind 🙂",
        "delay" : 1500
      } ]
    } ],
    "quickReplies" : [ ]
  }, {
    "action" : "maybe_need_someone_for_the_party",
    "timesOccurred" : 0,
    "outputs" : [ {
      "type" : "text",
      "valueAlternatives" : [ {
        "text" : "It might sound a bit strange maybe, but it is actually very cool! ",
        "delay" : 1500
      } ]
    }, {
      "type" : "text",
      "valueAlternatives" : [ {
        "text" : "There are actually a lot of students that don't want to go because they don't know that many in advance.",
        "delay" : 1500
      } ]
    }, {
      "type" : "text",
      "valueAlternatives" : [ {
        "text" : "So when people share this with me, I can put together a little group and make it easier to meet new students and be social.",
        "delay" : 1500
      } ]
    }, {
      "type" : "text",
      "valueAlternatives" : [ {
        "text" : "What do you say - want to give it a go? 🙂",
        "delay" : 1500
      } ]
    } ],
    "quickReplies" : [ {
      "value" : "Yes",
      "expressions" : "wants_to_give_it_a_try"
    }, {
      "value" : "No",
      "expressions" : "dont_want_to_give_it_a_try"
    } ]
  }, {
    "action" : "yes_please_find_someone_for_the_party",
    "timesOccurred" : 0,
    "outputs" : [ {
      "type" : "text",
      "valueAlternatives" : [ {
        "text" : "Perfect! Let see.",
        "delay" : 1500
      } ]
    }, {
      "type" : "text",
      "valueAlternatives" : [ {
        "text" : "I would love to know a few things about you so that I can match you with the right group 🙂",
        "delay" : 1500
      } ]
    }, {
      "type" : "text",
      "valueAlternatives" : [ {
        "text" : "Wait...",
        "delay" : 1500
      } ]
    }, {
      "type" : "text",
      "valueAlternatives" : [ {
        "text" : "I think I have missed that I should be at an appointment in a few minutes.... 😲🤯",
        "delay" : 1500
      } ]
    }, {
      "type" : "text",
      "valueAlternatives" : [ {
        "text" : "You know what, I gotta go. Sorry.",
        "delay" : 1500
      } ]
    }, {
      "type" : "text",
      "valueAlternatives" : [ {
        "text" : "Let's continue another time... I won't forget about this, promised.",
        "delay" : 1500
      } ]
    }, {
      "type" : "text",
      "valueAlternatives" : [ {
        "text" : "Byeeeee",
        "delay" : 1500
      } ]
    } ],
    "quickReplies" : [ ]
  } ]
}