{
  "words" : [ {
    "word" : "hi",
    "expressions" : "greeting(hi)",
    "frequency" : 0
  }, {
    "word" : "hello",
    "expressions" : "greeting(hello)",
    "frequency" : 0
  }, {
    "word" : "yes",
    "expressions" : "confirmation(yes)",
    "frequency" : 0
  }, {
    "word" : "cool",
    "expressions" : "confirmation(yes)",
    "frequency" : 0
  }, {
    "word" : "no",
    "expressions" : "confirmation(no)",
    "frequency" : 0
  }, {
    "word" : "uninterested",
    "expressions" : "confirmation(no)",
    "frequency" : 0
  }, {
    "word" : "yea",
    "expressions" : "confirmation(yes)",
    "frequency" : 0
  }, {
    "word" : "nope",
    "expressions" : "confirmation(no)",
    "frequency" : 0
  }, {
    "word" : "yeah",
    "expressions" : "confirmation(yes)",
    "frequency" : 0
  }, {
    "word" : "nah",
    "expressions" : "confirmation(no)",
    "frequency" : 0
  }, {
    "word" : "nay",
    "expressions" : "confirmation(no)",
    "frequency" : 0
  }, {
    "word" : "yo",
    "expressions" : "confirmation(yes)",
    "frequency" : 0
  }, {
    "word" : "none",
    "expressions" : "confirmation(no)",
    "frequency" : 0
  }, {
    "word" : "n",
    "expressions" : "confirmation(no)",
    "frequency" : 0
  }, {
    "word" : "ne",
    "expressions" : "confirmation(no)",
    "frequency" : 0
  }, {
    "word" : "y",
    "expressions" : "confirmation(yes)",
    "frequency" : 0
  }, {
    "word" : "ye",
    "expressions" : "confirmation(yes)",
    "frequency" : 0
  }, {
    "word" : "ya",
    "expressions" : "confirmation(yes)",
    "frequency" : 0
  }, {
    "word" : "yep",
    "expressions" : "confirmation(yes)",
    "frequency" : 0
  }, {
    "word" : "na",
    "expressions" : "confirmation(no)",
    "frequency" : 0
  }, {
    "word" : "not",
    "expressions" : "confirmation(no)",
    "frequency" : 0
  }, {
    "word" : "sure",
    "expressions" : "confirmation(yes)",
    "frequency" : 0
  }, {
    "word" : "don't",
    "expressions" : "confirmation(no)",
    "frequency" : 0
  }, {
    "word" : "uhmm",
    "expressions" : "confirmation(no)",
    "frequency" : 0
  }, {
    "word" : "sad",
    "expressions" : "confirmation(no)",
    "frequency" : 0
  }, {
    "word" : "notatall",
    "expressions" : "confirmation(no)",
    "frequency" : 0
  }, {
    "word" : "decline",
    "expressions" : "confirmation(no)",
    "frequency" : 0
  }, {
    "word" : "bad",
    "expressions" : "confirmation(no)",
    "frequency" : 0
  }, {
    "word" : "ofcourse",
    "expressions" : "confirmation(yes)",
    "frequency" : 0
  }, {
    "word" : "definitely",
    "expressions" : "confirmation(yes)",
    "frequency" : 0
  }, {
    "word" : "probably",
    "expressions" : "confirmation(yes)",
    "frequency" : 0
  }, {
    "word" : "yes",
    "expressions" : "confirmation(learning_skills)",
    "frequency" : 0
  }, {
    "word" : "no",
    "expressions" : "confirmation(reading_skills)",
    "frequency" : 0
  }, {
    "word" : "learning",
    "expressions" : "confirmation(learning_skills)",
    "frequency" : 0
  }, {
    "word" : "reading",
    "expressions" : "confirmation(reading_skills)",
    "frequency" : 0
  }, {
    "word" : "learning",
    "expressions" : "confirmation(yes)",
    "frequency" : 0
  }, {
    "word" : "absolutely",
    "expressions" : "confirmation(yes)",
    "frequency" : 0
  } ],
  "regExs" : [ ],
  "phrases" : [ {
    "phrase" : "good morning",
    "expressions" : "greeting(good_morning)"
  }, {
    "phrase" : "good evening",
    "expressions" : "greeting(good_evening)"
  }, {
    "phrase" : "good night",
    "expressions" : "greeting(good_night)"
  }, {
    "phrase" : "how are you",
    "expressions" : "how_are_you"
  }, {
    "phrase" : "how are you doing",
    "expressions" : "how_are_you_doing"
  }, {
    "phrase" : "my name is",
    "expressions" : "name"
  }, {
    "phrase" : "i am supposed",
    "expressions" : "confirmation(yes)"
  }, {
    "phrase" : "see you",
    "expressions" : "ending"
  }, {
    "phrase" : "got to go",
    "expressions" : "ending"
  }, {
    "phrase" : "good bye",
    "expressions" : "ending"
  }, {
    "phrase" : "next time",
    "expressions" : "ending"
  }, {
    "phrase" : "thanks anyway",
    "expressions" : "ending"
  }, {
    "phrase" : "nice day",
    "expressions" : "ending"
  } ]
}