{
  "behaviorGroups" : [ {
    "name" : "Smalltalk",
    "behaviorRules" : [ {
      "name" : "Welcome",
      "actions" : [ "welcome" ],
      "conditions" : [ {
        "type" : "occurrence",
        "configs" : {
          "maxTimesOccurred" : "0",
          "behaviorRuleName" : "Welcome"
        }
      } ]
    }, {
      "name" : "name",
      "actions" : [ "name" ],
      "conditions" : [ {
        "type" : "inputmatcher",
        "configs" : {
          "expressions" : "*",
          "occurrence" : "currentStep"
        }
      }, {
        "type" : "actionmatcher",
        "configs" : {
          "actions" : "welcome",
          "occurrence" : "lastStep"
        }
      } ]
    }, {
      "name" : "readingIntro",
      "actions" : [ "reading_yes" ],
      "conditions" : [ {
        "type" : "inputmatcher",
        "configs" : {
          "expressions" : "confirmation(reading_skills)",
          "occurrence" : "currentStep"
        }
      }, {
        "type" : "actionmatcher",
        "configs" : {
          "actions" : "name",
          "occurrence" : "lastStep"
        }
      } ]
    }, {
      "name" : "readingIntro",
      "actions" : [ "reading_no" ],
      "conditions" : [ {
        "type" : "inputmatcher",
        "configs" : {
          "expressions" : "confirmation(no)",
          "occurrence" : "currentStep"
        }
      }, {
        "type" : "actionmatcher",
        "configs" : {
          "actions" : "name",
          "occurrence" : "lastStep"
        }
      } ]
    }, {
      "name" : "firstTipYes",
      "actions" : [ "first_tip_reading_yes" ],
      "conditions" : [ {
        "type" : "inputmatcher",
        "configs" : {
          "expressions" : "confirmation(yes)",
          "occurrence" : "currentStep"
        }
      }, {
        "type" : "actionmatcher",
        "configs" : {
          "actions" : "reading_yes",
          "occurrence" : "lastStep"
        }
      } ]
    }, {
      "name" : "vfirstTipYes",
      "actions" : [ "first_tip_reading_yes" ],
      "conditions" : [ {
        "type" : "inputmatcher",
        "configs" : {
          "expressions" : "confirmation(yes)",
          "occurrence" : "currentStep"
        }
      }, {
        "type" : "actionmatcher",
        "configs" : {
          "actions" : "reading_no",
          "occurrence" : "lastStep"
        }
      } ]
    }, {
      "name" : "firstTipNo",
      "actions" : [ "first_tip_reading_no" ],
      "conditions" : [ {
        "type" : "inputmatcher",
        "configs" : {
          "expressions" : "confirmation(no)",
          "occurrence" : "currentStep"
        }
      }, {
        "type" : "actionmatcher",
        "configs" : {
          "actions" : "reading_yes",
          "occurrence" : "lastStep"
        }
      } ]
    }, {
      "name" : "firstTipNo",
      "actions" : [ "first_tip_reading_no" ],
      "conditions" : [ {
        "type" : "inputmatcher",
        "configs" : {
          "expressions" : "confirmation(no)",
          "occurrence" : "currentStep"
        }
      }, {
        "type" : "actionmatcher",
        "configs" : {
          "actions" : "reading_no",
          "occurrence" : "lastStep"
        }
      } ]
    }, {
      "name" : "supposeReadingYes",
      "actions" : [ "supposed_reading_yes" ],
      "conditions" : [ {
        "type" : "inputmatcher",
        "configs" : {
          "expressions" : "confirmation(yes)",
          "occurrence" : "currentStep"
        }
      }, {
        "type" : "actionmatcher",
        "configs" : {
          "actions" : "first_tip_reading_yes",
          "occurrence" : "lastStep"
        }
      } ]
    }, {
      "name" : "supposeReadingYes",
      "actions" : [ "supposed_reading_yes" ],
      "conditions" : [ {
        "type" : "inputmatcher",
        "configs" : {
          "expressions" : "confirmation(yes)",
          "occurrence" : "currentStep"
        }
      }, {
        "type" : "actionmatcher",
        "configs" : {
          "actions" : "first_tip_reading_no",
          "occurrence" : "lastStep"
        }
      } ]
    }, {
      "name" : "supposedReading",
      "actions" : [ "supposed_reading_no" ],
      "conditions" : [ {
        "type" : "inputmatcher",
        "configs" : {
          "expressions" : "confirmation(no)",
          "occurrence" : "currentStep"
        }
      }, {
        "type" : "actionmatcher",
        "configs" : {
          "actions" : "first_tip_reading_yes",
          "occurrence" : "lastStep"
        }
      } ]
    }, {
      "name" : "supposedReading",
      "actions" : [ "supposed_reading_no" ],
      "conditions" : [ {
        "type" : "inputmatcher",
        "configs" : {
          "expressions" : "confirmation(no)",
          "occurrence" : "currentStep"
        }
      }, {
        "type" : "actionmatcher",
        "configs" : {
          "actions" : "first_tip_reading_no",
          "occurrence" : "lastStep"
        }
      } ]
    }, {
      "name" : "readingStrategyFirst",
      "actions" : [ "reading_strategy_first_yes" ],
      "conditions" : [ {
        "type" : "inputmatcher",
        "configs" : {
          "expressions" : "confirmation(yes)",
          "occurrence" : "currentStep"
        }
      }, {
        "type" : "actionmatcher",
        "configs" : {
          "actions" : "supposed_reading_yes",
          "occurrence" : "lastStep"
        }
      } ]
    }, {
      "name" : "readingStrategyFirst",
      "actions" : [ "reading_strategy_first_yes" ],
      "conditions" : [ {
        "type" : "inputmatcher",
        "configs" : {
          "expressions" : "confirmation(yes)",
          "occurrence" : "currentStep"
        }
      }, {
        "type" : "actionmatcher",
        "configs" : {
          "actions" : "supposed_reading_no",
          "occurrence" : "lastStep"
        }
      } ]
    }, {
      "name" : "readingStrategy",
      "actions" : [ "reading_strategy_first_no" ],
      "conditions" : [ {
        "type" : "inputmatcher",
        "configs" : {
          "expressions" : "confirmation(no)",
          "occurrence" : "currentStep"
        }
      }, {
        "type" : "actionmatcher",
        "configs" : {
          "actions" : "supposed_reading_yes",
          "occurrence" : "lastStep"
        }
      } ]
    }, {
      "name" : "readingStrategy",
      "actions" : [ "reading_strategy_first_no" ],
      "conditions" : [ {
        "type" : "inputmatcher",
        "configs" : {
          "expressions" : "confirmation(no)",
          "occurrence" : "currentStep"
        }
      }, {
        "type" : "actionmatcher",
        "configs" : {
          "actions" : "supposed_reading_no",
          "occurrence" : "lastStep"
        }
      } ]
    }, {
      "name" : "readingStrategySecond",
      "actions" : [ "reading_strategy_second_yes" ],
      "conditions" : [ {
        "type" : "inputmatcher",
        "configs" : {
          "expressions" : "confirmation(yes)",
          "occurrence" : "currentStep"
        }
      }, {
        "type" : "actionmatcher",
        "configs" : {
          "actions" : "reading_strategy_first_yes",
          "occurrence" : "lastStep"
        }
      } ]
    }, {
      "name" : "readingStrategySecond",
      "actions" : [ "reading_strategy_second_yes" ],
      "conditions" : [ {
        "type" : "inputmatcher",
        "configs" : {
          "expressions" : "confirmation(yes)",
          "occurrence" : "currentStep"
        }
      }, {
        "type" : "actionmatcher",
        "configs" : {
          "actions" : "reading_strategy_first_no",
          "occurrence" : "lastStep"
        }
      } ]
    }, {
      "name" : "readingStrategy",
      "actions" : [ "reading_strategy_second_no" ],
      "conditions" : [ {
        "type" : "inputmatcher",
        "configs" : {
          "expressions" : "confirmation(no)",
          "occurrence" : "currentStep"
        }
      }, {
        "type" : "actionmatcher",
        "configs" : {
          "actions" : "reading_strategy_first_yes",
          "occurrence" : "lastStep"
        }
      } ]
    }, {
      "name" : "readingStrategy",
      "actions" : [ "reading_strategy_second_no" ],
      "conditions" : [ {
        "type" : "inputmatcher",
        "configs" : {
          "expressions" : "confirmation(no)",
          "occurrence" : "currentStep"
        }
      }, {
        "type" : "actionmatcher",
        "configs" : {
          "actions" : "reading_strategy_first_no",
          "occurrence" : "lastStep"
        }
      } ]
    }, {
      "name" : "readingStrategyThird",
      "actions" : [ "reading_strategy_third_yes" ],
      "conditions" : [ {
        "type" : "inputmatcher",
        "configs" : {
          "expressions" : "confirmation(yes)",
          "occurrence" : "currentStep"
        }
      }, {
        "type" : "actionmatcher",
        "configs" : {
          "actions" : "reading_strategy_second_yes",
          "occurrence" : "lastStep"
        }
      } ]
    }, {
      "name" : "readingStrategyThird",
      "actions" : [ "reading_strategy_third_yes" ],
      "conditions" : [ {
        "type" : "inputmatcher",
        "configs" : {
          "expressions" : "confirmation(yes)",
          "occurrence" : "currentStep"
        }
      }, {
        "type" : "actionmatcher",
        "configs" : {
          "actions" : "reading_strategy_second_no",
          "occurrence" : "lastStep"
        }
      } ]
    }, {
      "name" : "readingStrategy",
      "actions" : [ "reading_strategy_third_no" ],
      "conditions" : [ {
        "type" : "inputmatcher",
        "configs" : {
          "expressions" : "confirmation(no)",
          "occurrence" : "currentStep"
        }
      }, {
        "type" : "actionmatcher",
        "configs" : {
          "actions" : "reading_strategy_second_yes",
          "occurrence" : "lastStep"
        }
      } ]
    }, {
      "name" : "readingStrategy",
      "actions" : [ "reading_strategy_third_no" ],
      "conditions" : [ {
        "type" : "inputmatcher",
        "configs" : {
          "expressions" : "confirmation(no)",
          "occurrence" : "currentStep"
        }
      }, {
        "type" : "actionmatcher",
        "configs" : {
          "actions" : "reading_strategy_second_no",
          "occurrence" : "lastStep"
        }
      } ]
    }, {
      "name" : "readingStrategy",
      "actions" : [ "reading_strategy_fourth_yes" ],
      "conditions" : [ {
        "type" : "inputmatcher",
        "configs" : {
          "expressions" : "confirmation(yes)",
          "occurrence" : "currentStep"
        }
      }, {
        "type" : "actionmatcher",
        "configs" : {
          "actions" : "reading_strategy_third_yes",
          "occurrence" : "lastStep"
        }
      } ]
    }, {
      "name" : "readingStrategy",
      "actions" : [ "reading_strategy_fourth_yes" ],
      "conditions" : [ {
        "type" : "inputmatcher",
        "configs" : {
          "expressions" : "confirmation(yes)",
          "occurrence" : "currentStep"
        }
      }, {
        "type" : "actionmatcher",
        "configs" : {
          "actions" : "reading_strategy_third_no",
          "occurrence" : "lastStep"
        }
      } ]
    }, {
      "name" : "readingStrategyFourth",
      "actions" : [ "reading_strategy_fourth_no" ],
      "conditions" : [ {
        "type" : "inputmatcher",
        "configs" : {
          "expressions" : "confirmation(no)",
          "occurrence" : "currentStep"
        }
      }, {
        "type" : "actionmatcher",
        "configs" : {
          "actions" : "reading_strategy_third_yes",
          "occurrence" : "lastStep"
        }
      } ]
    }, {
      "name" : "readingStrategyFourth",
      "actions" : [ "reading_strategy_fourth_no" ],
      "conditions" : [ {
        "type" : "inputmatcher",
        "configs" : {
          "expressions" : "confirmation(no)",
          "occurrence" : "currentStep"
        }
      }, {
        "type" : "actionmatcher",
        "configs" : {
          "actions" : "reading_strategy_third_no",
          "occurrence" : "lastStep"
        }
      } ]
    }, {
      "name" : "readingStrategy",
      "actions" : [ "reading_strategy_fifth_yes" ],
      "conditions" : [ {
        "type" : "inputmatcher",
        "configs" : {
          "expressions" : "confirmation(yes)",
          "occurrence" : "currentStep"
        }
      }, {
        "type" : "actionmatcher",
        "configs" : {
          "actions" : "reading_strategy_fourth_yes",
          "occurrence" : "lastStep"
        }
      } ]
    }, {
      "name" : "readingStrategy",
      "actions" : [ "reading_strategy_fifth_yes" ],
      "conditions" : [ {
        "type" : "inputmatcher",
        "configs" : {
          "expressions" : "confirmation(yes)",
          "occurrence" : "currentStep"
        }
      }, {
        "type" : "actionmatcher",
        "configs" : {
          "actions" : "reading_strategy_fourth_no",
          "occurrence" : "lastStep"
        }
      } ]
    }, {
      "name" : "readingStrategyFifth",
      "actions" : [ "reading_strategy_fifth_no" ],
      "conditions" : [ {
        "type" : "inputmatcher",
        "configs" : {
          "expressions" : "confirmation(no)",
          "occurrence" : "currentStep"
        }
      }, {
        "type" : "actionmatcher",
        "configs" : {
          "actions" : "reading_strategy_fourth_yes",
          "occurrence" : "lastStep"
        }
      } ]
    }, {
      "name" : "readingStrategyFifth",
      "actions" : [ "reading_strategy_fifth_no" ],
      "conditions" : [ {
        "type" : "inputmatcher",
        "configs" : {
          "expressions" : "confirmation(no)",
          "occurrence" : "currentStep"
        }
      }, {
        "type" : "actionmatcher",
        "configs" : {
          "actions" : "reading_strategy_fourth_no",
          "occurrence" : "lastStep"
        }
      } ]
    }, {
      "name" : "readingStrategySixth",
      "actions" : [ "reading_strategy_sixth_yes" ],
      "conditions" : [ {
        "type" : "inputmatcher",
        "configs" : {
          "expressions" : "confirmation(yes)",
          "occurrence" : "currentStep"
        }
      }, {
        "type" : "actionmatcher",
        "configs" : {
          "actions" : "reading_strategy_fifth_yes",
          "occurrence" : "lastStep"
        }
      } ]
    }, {
      "name" : "readingStrategySixth",
      "actions" : [ "reading_strategy_sixth_yes" ],
      "conditions" : [ {
        "type" : "inputmatcher",
        "configs" : {
          "expressions" : "confirmation(yes)",
          "occurrence" : "currentStep"
        }
      }, {
        "type" : "actionmatcher",
        "configs" : {
          "actions" : "reading_strategy_fifth_no",
          "occurrence" : "lastStep"
        }
      } ]
    }, {
      "name" : "readingStrategy",
      "actions" : [ "reading_strategy_sixth_no" ],
      "conditions" : [ {
        "type" : "inputmatcher",
        "configs" : {
          "expressions" : "confirmation(no)",
          "occurrence" : "currentStep"
        }
      }, {
        "type" : "actionmatcher",
        "configs" : {
          "actions" : "reading_strategy_fifth_yes",
          "occurrence" : "lastStep"
        }
      } ]
    }, {
      "name" : "readingStrategy",
      "actions" : [ "reading_strategy_sixth_no" ],
      "conditions" : [ {
        "type" : "inputmatcher",
        "configs" : {
          "expressions" : "confirmation(no)",
          "occurrence" : "currentStep"
        }
      }, {
        "type" : "actionmatcher",
        "configs" : {
          "actions" : "reading_strategy_fifth_no",
          "occurrence" : "lastStep"
        }
      } ]
    }, {
      "name" : "readingStrategyseventh",
      "actions" : [ "reading_strategy_seventh_yes" ],
      "conditions" : [ {
        "type" : "inputmatcher",
        "configs" : {
          "expressions" : "confirmation(yes)",
          "occurrence" : "currentStep"
        }
      }, {
        "type" : "actionmatcher",
        "configs" : {
          "actions" : "reading_strategy_sixth_yes",
          "occurrence" : "lastStep"
        }
      } ]
    }, {
      "name" : "readingStrategy",
      "actions" : [ "reading_strategy_seventh_yes" ],
      "conditions" : [ {
        "type" : "inputmatcher",
        "configs" : {
          "expressions" : "confirmation(yes)",
          "occurrence" : "currentStep"
        }
      }, {
        "type" : "actionmatcher",
        "configs" : {
          "actions" : "reading_strategy_sixth_no",
          "occurrence" : "lastStep"
        }
      } ]
    }, {
      "name" : "readingStrategy",
      "actions" : [ "reading_strategy_seventh_no" ],
      "conditions" : [ {
        "type" : "inputmatcher",
        "configs" : {
          "expressions" : "confirmation(no)",
          "occurrence" : "currentStep"
        }
      }, {
        "type" : "actionmatcher",
        "configs" : {
          "actions" : "reading_strategy_sixth_yes",
          "occurrence" : "lastStep"
        }
      } ]
    }, {
      "name" : "readingStrategyseventh",
      "actions" : [ "reading_strategy_seventh_no" ],
      "conditions" : [ {
        "type" : "inputmatcher",
        "configs" : {
          "expressions" : "confirmation(no)",
          "occurrence" : "currentStep"
        }
      }, {
        "type" : "actionmatcher",
        "configs" : {
          "actions" : "reading_strategy_sixth_no",
          "occurrence" : "lastStep"
        }
      } ]
    }, {
      "name" : "moreTips",
      "actions" : [ "more_tips_reading_yes" ],
      "conditions" : [ {
        "type" : "inputmatcher",
        "configs" : {
          "expressions" : "confirmation(yes)",
          "occurrence" : "currentStep"
        }
      }, {
        "type" : "actionmatcher",
        "configs" : {
          "actions" : "reading_strategy_seventh_yes",
          "occurrence" : "lastStep"
        }
      } ]
    }, {
      "name" : "moreTips",
      "actions" : [ "more_tips_reading_yes" ],
      "conditions" : [ {
        "type" : "inputmatcher",
        "configs" : {
          "expressions" : "confirmation(yes)",
          "occurrence" : "currentStep"
        }
      }, {
        "type" : "actionmatcher",
        "configs" : {
          "actions" : "reading_strategy_seventh_no",
          "occurrence" : "lastStep"
        }
      } ]
    }, {
      "name" : "moreTips",
      "actions" : [ "more_tips_reading_no" ],
      "conditions" : [ {
        "type" : "inputmatcher",
        "configs" : {
          "expressions" : "confirmation(no)",
          "occurrence" : "currentStep"
        }
      }, {
        "type" : "actionmatcher",
        "configs" : {
          "actions" : "reading_strategy_seventh_yes",
          "occurrence" : "lastStep"
        }
      } ]
    }, {
      "name" : "moreTips",
      "actions" : [ "more_tips_reading_no" ],
      "conditions" : [ {
        "type" : "inputmatcher",
        "configs" : {
          "expressions" : "confirmation(no)",
          "occurrence" : "currentStep"
        }
      }, {
        "type" : "actionmatcher",
        "configs" : {
          "actions" : "reading_strategy_seventh_no",
          "occurrence" : "lastStep"
        }
      } ]
    }, {
      "name" : "ending",
      "actions" : [ "ending_reading_yes", "CONVERSATION_END" ],
      "conditions" : [ {
        "type" : "inputmatcher",
        "configs" : {
          "expressions" : "confirmation(yes)",
          "occurrence" : "currentStep"
        }
      }, {
        "type" : "actionmatcher",
        "configs" : {
          "actions" : "more_tips_reading_yes",
          "occurrence" : "lastStep"
        }
      } ]
    }, {
      "name" : "ending",
      "actions" : [ "ending_reading_yes", "CONVERSATION_END" ],
      "conditions" : [ {
        "type" : "inputmatcher",
        "configs" : {
          "expressions" : "confirmation(yes)",
          "occurrence" : "currentStep"
        }
      }, {
        "type" : "actionmatcher",
        "configs" : {
          "actions" : "more_tips_reading_no",
          "occurrence" : "lastStep"
        }
      } ]
    }, {
      "name" : "Ending",
      "actions" : [ "ending_reading_no", "CONVERSATION_END" ],
      "conditions" : [ {
        "type" : "inputmatcher",
        "configs" : {
          "expressions" : "confirmation(no)",
          "occurrence" : "currentStep"
        }
      }, {
        "type" : "actionmatcher",
        "configs" : {
          "actions" : "more_tips_reading_yes",
          "occurrence" : "lastStep"
        }
      } ]
    }, {
      "name" : "Ending",
      "actions" : [ "ending_reading_no", "CONVERSATION_END" ],
      "conditions" : [ {
        "type" : "inputmatcher",
        "configs" : {
          "expressions" : "confirmation(no)",
          "occurrence" : "currentStep"
        }
      }, {
        "type" : "actionmatcher",
        "configs" : {
          "actions" : "more_tips_reading_no",
          "occurrence" : "lastStep"
        }
      } ]
    }, {
      "name" : "learningIntro",
      "actions" : [ "learning_yes" ],
      "conditions" : [ {
        "type" : "inputmatcher",
        "configs" : {
          "expressions" : "confirmation(learning_skills)",
          "occurrence" : "currentStep"
        }
      }, {
        "type" : "actionmatcher",
        "configs" : {
          "actions" : "name",
          "occurrence" : "lastStep"
        }
      } ]
    }, {
      "name" : "learningIntro",
      "actions" : [ "learning_no" ],
      "conditions" : [ {
        "type" : "inputmatcher",
        "configs" : {
          "expressions" : "confirmation(no)",
          "occurrence" : "currentStep"
        }
      }, {
        "type" : "actionmatcher",
        "configs" : {
          "actions" : "name",
          "occurrence" : "lastStep"
        }
      } ]
    }, {
      "name" : "firstTipYes",
      "actions" : [ "first_tip_learning_yes" ],
      "conditions" : [ {
        "type" : "inputmatcher",
        "configs" : {
          "expressions" : "confirmation(yes)",
          "occurrence" : "currentStep"
        }
      }, {
        "type" : "actionmatcher",
        "configs" : {
          "actions" : "learning_yes",
          "occurrence" : "lastStep"
        }
      } ]
    }, {
      "name" : "vfirstTipYes",
      "actions" : [ "first_tip_learning_yes" ],
      "conditions" : [ {
        "type" : "inputmatcher",
        "configs" : {
          "expressions" : "confirmation(yes)",
          "occurrence" : "currentStep"
        }
      }, {
        "type" : "actionmatcher",
        "configs" : {
          "actions" : "learning_no",
          "occurrence" : "lastStep"
        }
      } ]
    }, {
      "name" : "firstTipNo",
      "actions" : [ "first_tip_learning_no" ],
      "conditions" : [ {
        "type" : "inputmatcher",
        "configs" : {
          "expressions" : "confirmation(no)",
          "occurrence" : "currentStep"
        }
      }, {
        "type" : "actionmatcher",
        "configs" : {
          "actions" : "learning_yes",
          "occurrence" : "lastStep"
        }
      } ]
    }, {
      "name" : "firstTipNo",
      "actions" : [ "first_tip_learning_no" ],
      "conditions" : [ {
        "type" : "inputmatcher",
        "configs" : {
          "expressions" : "confirmation(no)",
          "occurrence" : "currentStep"
        }
      }, {
        "type" : "actionmatcher",
        "configs" : {
          "actions" : "learning_no",
          "occurrence" : "lastStep"
        }
      } ]
    }, {
      "name" : "supposeLearningYes",
      "actions" : [ "supposed_learning_yes" ],
      "conditions" : [ {
        "type" : "inputmatcher",
        "configs" : {
          "expressions" : "confirmation(yes)",
          "occurrence" : "currentStep"
        }
      }, {
        "type" : "actionmatcher",
        "configs" : {
          "actions" : "first_tip_learning_yes",
          "occurrence" : "lastStep"
        }
      } ]
    }, {
      "name" : "supposeLearningYes",
      "actions" : [ "supposed_learning_yes" ],
      "conditions" : [ {
        "type" : "inputmatcher",
        "configs" : {
          "expressions" : "confirmation(yes)",
          "occurrence" : "currentStep"
        }
      }, {
        "type" : "actionmatcher",
        "configs" : {
          "actions" : "first_tip_learning_no",
          "occurrence" : "lastStep"
        }
      } ]
    }, {
      "name" : "supposedLearning",
      "actions" : [ "supposed_learning_no" ],
      "conditions" : [ {
        "type" : "inputmatcher",
        "configs" : {
          "expressions" : "confirmation(no)",
          "occurrence" : "currentStep"
        }
      }, {
        "type" : "actionmatcher",
        "configs" : {
          "actions" : "first_tip_learning_yes",
          "occurrence" : "lastStep"
        }
      } ]
    }, {
      "name" : "supposedLearning",
      "actions" : [ "supposed_learning_no" ],
      "conditions" : [ {
        "type" : "inputmatcher",
        "configs" : {
          "expressions" : "confirmation(no)",
          "occurrence" : "currentStep"
        }
      }, {
        "type" : "actionmatcher",
        "configs" : {
          "actions" : "first_tip_learning_no",
          "occurrence" : "lastStep"
        }
      } ]
    }, {
      "name" : "learningStrategyFirst",
      "actions" : [ "learning_strategy_first_yes" ],
      "conditions" : [ {
        "type" : "inputmatcher",
        "configs" : {
          "expressions" : "confirmation(yes)",
          "occurrence" : "currentStep"
        }
      }, {
        "type" : "actionmatcher",
        "configs" : {
          "actions" : "supposed_learning_yes",
          "occurrence" : "lastStep"
        }
      } ]
    }, {
      "name" : "learningStrategyFirst",
      "actions" : [ "learning_strategy_first_yes" ],
      "conditions" : [ {
        "type" : "inputmatcher",
        "configs" : {
          "expressions" : "confirmation(yes)",
          "occurrence" : "currentStep"
        }
      }, {
        "type" : "actionmatcher",
        "configs" : {
          "actions" : "supposed_learning_no",
          "occurrence" : "lastStep"
        }
      } ]
    }, {
      "name" : "learningStrategy",
      "actions" : [ "learning_strategy_first_no" ],
      "conditions" : [ {
        "type" : "inputmatcher",
        "configs" : {
          "expressions" : "confirmation(no)",
          "occurrence" : "currentStep"
        }
      }, {
        "type" : "actionmatcher",
        "configs" : {
          "actions" : "supposed_learning_yes",
          "occurrence" : "lastStep"
        }
      } ]
    }, {
      "name" : "learningStrategy",
      "actions" : [ "learning_strategy_first_no" ],
      "conditions" : [ {
        "type" : "inputmatcher",
        "configs" : {
          "expressions" : "confirmation(no)",
          "occurrence" : "currentStep"
        }
      }, {
        "type" : "actionmatcher",
        "configs" : {
          "actions" : "supposed_learning_no",
          "occurrence" : "lastStep"
        }
      } ]
    }, {
      "name" : "learningStrategySecond",
      "actions" : [ "learning_strategy_second_yes" ],
      "conditions" : [ {
        "type" : "inputmatcher",
        "configs" : {
          "expressions" : "confirmation(yes)",
          "occurrence" : "currentStep"
        }
      }, {
        "type" : "actionmatcher",
        "configs" : {
          "actions" : "learning_strategy_first_yes",
          "occurrence" : "lastStep"
        }
      } ]
    }, {
      "name" : "learningStrategySecond",
      "actions" : [ "learning_strategy_second_yes" ],
      "conditions" : [ {
        "type" : "inputmatcher",
        "configs" : {
          "expressions" : "confirmation(yes)",
          "occurrence" : "currentStep"
        }
      }, {
        "type" : "actionmatcher",
        "configs" : {
          "actions" : "learning_strategy_first_no",
          "occurrence" : "lastStep"
        }
      } ]
    }, {
      "name" : "learningStrategy",
      "actions" : [ "learning_strategy_second_no" ],
      "conditions" : [ {
        "type" : "inputmatcher",
        "configs" : {
          "expressions" : "confirmation(no)",
          "occurrence" : "currentStep"
        }
      }, {
        "type" : "actionmatcher",
        "configs" : {
          "actions" : "learning_strategy_first_yes",
          "occurrence" : "lastStep"
        }
      } ]
    }, {
      "name" : "learningStrategy",
      "actions" : [ "learning_strategy_second_no" ],
      "conditions" : [ {
        "type" : "inputmatcher",
        "configs" : {
          "expressions" : "confirmation(no)",
          "occurrence" : "currentStep"
        }
      }, {
        "type" : "actionmatcher",
        "configs" : {
          "actions" : "learning_strategy_first_no",
          "occurrence" : "lastStep"
        }
      } ]
    }, {
      "name" : "learningStrategyThird",
      "actions" : [ "learning_strategy_third_yes" ],
      "conditions" : [ {
        "type" : "inputmatcher",
        "configs" : {
          "expressions" : "confirmation(yes)",
          "occurrence" : "currentStep"
        }
      }, {
        "type" : "actionmatcher",
        "configs" : {
          "actions" : "learning_strategy_second_yes",
          "occurrence" : "lastStep"
        }
      } ]
    }, {
      "name" : "learningStrategyThird",
      "actions" : [ "learning_strategy_third_yes" ],
      "conditions" : [ {
        "type" : "inputmatcher",
        "configs" : {
          "expressions" : "confirmation(yes)",
          "occurrence" : "currentStep"
        }
      }, {
        "type" : "actionmatcher",
        "configs" : {
          "actions" : "learning_strategy_second_no",
          "occurrence" : "lastStep"
        }
      } ]
    }, {
      "name" : "learningStrategy",
      "actions" : [ "learning_strategy_third_no" ],
      "conditions" : [ {
        "type" : "inputmatcher",
        "configs" : {
          "expressions" : "confirmation(no)",
          "occurrence" : "currentStep"
        }
      }, {
        "type" : "actionmatcher",
        "configs" : {
          "actions" : "learning_strategy_second_yes",
          "occurrence" : "lastStep"
        }
      } ]
    }, {
      "name" : "learningStrategy",
      "actions" : [ "learning_strategy_third_no" ],
      "conditions" : [ {
        "type" : "inputmatcher",
        "configs" : {
          "expressions" : "confirmation(no)",
          "occurrence" : "currentStep"
        }
      }, {
        "type" : "actionmatcher",
        "configs" : {
          "actions" : "learning_strategy_second_no",
          "occurrence" : "lastStep"
        }
      } ]
    }, {
      "name" : "learningStrategy",
      "actions" : [ "learning_strategy_fourth_yes" ],
      "conditions" : [ {
        "type" : "inputmatcher",
        "configs" : {
          "expressions" : "confirmation(yes)",
          "occurrence" : "currentStep"
        }
      }, {
        "type" : "actionmatcher",
        "configs" : {
          "actions" : "learning_strategy_third_yes",
          "occurrence" : "lastStep"
        }
      } ]
    }, {
      "name" : "learningStrategy",
      "actions" : [ "learning_strategy_fourth_yes" ],
      "conditions" : [ {
        "type" : "inputmatcher",
        "configs" : {
          "expressions" : "confirmation(yes)",
          "occurrence" : "currentStep"
        }
      }, {
        "type" : "actionmatcher",
        "configs" : {
          "actions" : "learning_strategy_third_no",
          "occurrence" : "lastStep"
        }
      } ]
    }, {
      "name" : "learningStrategyFourth",
      "actions" : [ "learning_strategy_fourth_no" ],
      "conditions" : [ {
        "type" : "inputmatcher",
        "configs" : {
          "expressions" : "confirmation(no)",
          "occurrence" : "currentStep"
        }
      }, {
        "type" : "actionmatcher",
        "configs" : {
          "actions" : "learning_strategy_third_yes",
          "occurrence" : "lastStep"
        }
      } ]
    }, {
      "name" : "learningStrategyFourth",
      "actions" : [ "learning_strategy_fourth_no" ],
      "conditions" : [ {
        "type" : "inputmatcher",
        "configs" : {
          "expressions" : "confirmation(no)",
          "occurrence" : "currentStep"
        }
      }, {
        "type" : "actionmatcher",
        "configs" : {
          "actions" : "learning_strategy_third_no",
          "occurrence" : "lastStep"
        }
      } ]
    }, {
      "name" : "learningStrategy",
      "actions" : [ "learning_strategy_fifth_yes" ],
      "conditions" : [ {
        "type" : "inputmatcher",
        "configs" : {
          "expressions" : "confirmation(yes)",
          "occurrence" : "currentStep"
        }
      }, {
        "type" : "actionmatcher",
        "configs" : {
          "actions" : "learning_strategy_fourth_yes",
          "occurrence" : "lastStep"
        }
      } ]
    }, {
      "name" : "learningStrategy",
      "actions" : [ "learning_strategy_fifth_yes" ],
      "conditions" : [ {
        "type" : "inputmatcher",
        "configs" : {
          "expressions" : "confirmation(yes)",
          "occurrence" : "currentStep"
        }
      }, {
        "type" : "actionmatcher",
        "configs" : {
          "actions" : "learning_strategy_fourth_no",
          "occurrence" : "lastStep"
        }
      } ]
    }, {
      "name" : "learningStrategyFifth",
      "actions" : [ "learning_strategy_fifth_no" ],
      "conditions" : [ {
        "type" : "inputmatcher",
        "configs" : {
          "expressions" : "confirmation(no)",
          "occurrence" : "currentStep"
        }
      }, {
        "type" : "actionmatcher",
        "configs" : {
          "actions" : "learning_strategy_fourth_yes",
          "occurrence" : "lastStep"
        }
      } ]
    }, {
      "name" : "learningStrategyFifth",
      "actions" : [ "learning_strategy_fifth_no" ],
      "conditions" : [ {
        "type" : "inputmatcher",
        "configs" : {
          "expressions" : "confirmation(no)",
          "occurrence" : "currentStep"
        }
      }, {
        "type" : "actionmatcher",
        "configs" : {
          "actions" : "learning_strategy_fourth_no",
          "occurrence" : "lastStep"
        }
      } ]
    }, {
      "name" : "learningStrategySixth",
      "actions" : [ "learning_strategy_sixth_yes" ],
      "conditions" : [ {
        "type" : "inputmatcher",
        "configs" : {
          "expressions" : "confirmation(yes)",
          "occurrence" : "currentStep"
        }
      }, {
        "type" : "actionmatcher",
        "configs" : {
          "actions" : "learning_strategy_fifth_yes",
          "occurrence" : "lastStep"
        }
      } ]
    }, {
      "name" : "learningStrategySixth",
      "actions" : [ "learning_strategy_sixth_yes" ],
      "conditions" : [ {
        "type" : "inputmatcher",
        "configs" : {
          "expressions" : "confirmation(yes)",
          "occurrence" : "currentStep"
        }
      }, {
        "type" : "actionmatcher",
        "configs" : {
          "actions" : "learning_strategy_fifth_no",
          "occurrence" : "lastStep"
        }
      } ]
    }, {
      "name" : "learningStrategy",
      "actions" : [ "learning_strategy_sixth_no" ],
      "conditions" : [ {
        "type" : "inputmatcher",
        "configs" : {
          "expressions" : "confirmation(no)",
          "occurrence" : "currentStep"
        }
      }, {
        "type" : "actionmatcher",
        "configs" : {
          "actions" : "learning_strategy_fifth_yes",
          "occurrence" : "lastStep"
        }
      } ]
    }, {
      "name" : "learningStrategy",
      "actions" : [ "learning_strategy_sixth_no" ],
      "conditions" : [ {
        "type" : "inputmatcher",
        "configs" : {
          "expressions" : "confirmation(no)",
          "occurrence" : "currentStep"
        }
      }, {
        "type" : "actionmatcher",
        "configs" : {
          "actions" : "learning_strategy_fifth_no",
          "occurrence" : "lastStep"
        }
      } ]
    }, {
      "name" : "learningStrategyseventh",
      "actions" : [ "learning_strategy_seventh_yes" ],
      "conditions" : [ {
        "type" : "inputmatcher",
        "configs" : {
          "expressions" : "confirmation(yes)",
          "occurrence" : "currentStep"
        }
      }, {
        "type" : "actionmatcher",
        "configs" : {
          "actions" : "learning_strategy_sixth_yes",
          "occurrence" : "lastStep"
        }
      } ]
    }, {
      "name" : "learningStrategy",
      "actions" : [ "learning_strategy_seventh_yes" ],
      "conditions" : [ {
        "type" : "inputmatcher",
        "configs" : {
          "expressions" : "confirmation(yes)",
          "occurrence" : "currentStep"
        }
      }, {
        "type" : "actionmatcher",
        "configs" : {
          "actions" : "learning_strategy_sixth_no",
          "occurrence" : "lastStep"
        }
      } ]
    }, {
      "name" : "learningStrategy",
      "actions" : [ "learning_strategy_seventh_no" ],
      "conditions" : [ {
        "type" : "inputmatcher",
        "configs" : {
          "expressions" : "confirmation(no)",
          "occurrence" : "currentStep"
        }
      }, {
        "type" : "actionmatcher",
        "configs" : {
          "actions" : "learning_strategy_sixth_yes",
          "occurrence" : "lastStep"
        }
      } ]
    }, {
      "name" : "learningStrategyseventh",
      "actions" : [ "learning_strategy_seventh_no" ],
      "conditions" : [ {
        "type" : "inputmatcher",
        "configs" : {
          "expressions" : "confirmation(no)",
          "occurrence" : "currentStep"
        }
      }, {
        "type" : "actionmatcher",
        "configs" : {
          "actions" : "learning_strategy_sixth_no",
          "occurrence" : "lastStep"
        }
      } ]
    }, {
      "name" : "moreTips",
      "actions" : [ "more_tips_learning_yes" ],
      "conditions" : [ {
        "type" : "inputmatcher",
        "configs" : {
          "expressions" : "confirmation(yes)",
          "occurrence" : "currentStep"
        }
      }, {
        "type" : "actionmatcher",
        "configs" : {
          "actions" : "learning_strategy_seventh_yes",
          "occurrence" : "lastStep"
        }
      } ]
    }, {
      "name" : "moreTips",
      "actions" : [ "more_tips_learning_yes" ],
      "conditions" : [ {
        "type" : "inputmatcher",
        "configs" : {
          "expressions" : "confirmation(yes)",
          "occurrence" : "currentStep"
        }
      }, {
        "type" : "actionmatcher",
        "configs" : {
          "actions" : "learning_strategy_seventh_no",
          "occurrence" : "lastStep"
        }
      } ]
    }, {
      "name" : "moreTips",
      "actions" : [ "more_tips_learning_no" ],
      "conditions" : [ {
        "type" : "inputmatcher",
        "configs" : {
          "expressions" : "confirmation(no)",
          "occurrence" : "currentStep"
        }
      }, {
        "type" : "actionmatcher",
        "configs" : {
          "actions" : "learning_strategy_seventh_yes",
          "occurrence" : "lastStep"
        }
      } ]
    }, {
      "name" : "moreTips",
      "actions" : [ "more_tips_learning_no" ],
      "conditions" : [ {
        "type" : "inputmatcher",
        "configs" : {
          "expressions" : "confirmation(no)",
          "occurrence" : "currentStep"
        }
      }, {
        "type" : "actionmatcher",
        "configs" : {
          "actions" : "learning_strategy_seventh_no",
          "occurrence" : "lastStep"
        }
      } ]
    }, {
      "name" : "ending",
      "actions" : [ "ending_learning_yes", "CONVERSATION_END" ],
      "conditions" : [ {
        "type" : "inputmatcher",
        "configs" : {
          "expressions" : "confirmation(yes)",
          "occurrence" : "currentStep"
        }
      }, {
        "type" : "actionmatcher",
        "configs" : {
          "actions" : "more_tips_learning_yes",
          "occurrence" : "lastStep"
        }
      } ]
    }, {
      "name" : "ending",
      "actions" : [ "ending_learning_yes", "CONVERSATION_END" ],
      "conditions" : [ {
        "type" : "inputmatcher",
        "configs" : {
          "expressions" : "confirmation(yes)",
          "occurrence" : "currentStep"
        }
      }, {
        "type" : "actionmatcher",
        "configs" : {
          "actions" : "more_tips_learning_no",
          "occurrence" : "lastStep"
        }
      } ]
    }, {
      "name" : "Ending",
      "actions" : [ "ending_learning_no", "CONVERSATION_END" ],
      "conditions" : [ {
        "type" : "inputmatcher",
        "configs" : {
          "expressions" : "confirmation(no)",
          "occurrence" : "currentStep"
        }
      }, {
        "type" : "actionmatcher",
        "configs" : {
          "actions" : "more_tips_learning_yes",
          "occurrence" : "lastStep"
        }
      } ]
    }, {
      "name" : "Ending",
      "actions" : [ "ending_learning_no", "CONVERSATION_END" ],
      "conditions" : [ {
        "type" : "inputmatcher",
        "configs" : {
          "expressions" : "confirmation(no)",
          "occurrence" : "currentStep"
        }
      }, {
        "type" : "actionmatcher",
        "configs" : {
          "actions" : "more_tips_learning_no",
          "occurrence" : "lastStep"
        }
      } ]
    } ]
  } ]
}