{
  "expressionsAsActions" : true,
  "behaviorGroups" : [ {
    "behaviorRules" : [ {
      "name" : "Ask for api key",
      "actions" : [ "ask_for_anthropic_api_key" ],
      "conditions" : [ {
        "type" : "actionmatcher",
        "configs" : {
          "actions" : "create_anthropic_bot",
          "occurrence" : "currentStep"
        }
      } ]
    }, {
      "name" : "Ask for model name",
      "actions" : [ "ask_for_anthropic_model_name" ],
      "conditions" : [ {
        "type" : "actionmatcher",
        "configs" : {
          "actions" : "ask_for_anthropic_api_key",
          "occurrence" : "lastStep"
        }
      } ]
    }, {
      "name" : "Ask for Temperature",
      "actions" : [ "ask_for_anthropic_temperature" ],
      "conditions" : [ {
        "type" : "actionmatcher",
        "configs" : {
          "actions" : "ask_for_anthropic_model_name",
          "occurrence" : "lastStep"
        }
      } ]
    }, {
      "name" : "Ask for timeout",
      "actions" : [ "ask_for_anthropic_timeout" ],
      "conditions" : [ {
        "type" : "actionmatcher",
        "configs" : {
          "actions" : "ask_for_anthropic_temperature",
          "occurrence" : "lastStep"
        }
      } ]
    }, {
      "name" : "Ask for bot creation confirmation",
      "actions" : [ "ask_for_bot_creation_confirmation_for_anthropic" ],
      "conditions" : [ {
        "type" : "actionmatcher",
        "configs" : {
          "actions" : "ask_for_anthropic_timeout",
          "occurrence" : "lastStep"
        }
      } ]
    }, {
      "name" : "Create bot",
      "actions" : [ "create_properties_for_anthropic", "create_behavior_rules_for_anthropic", "create_langchain_anthropic", "create_output_for_anthropic", "create_package_for_anthropic", "create_bot_for_anthropic", "deploy_bot_for_anthropic", "CONVERSATION_END" ],
      "conditions" : [ {
        "type" : "inputmatcher",
        "configs" : {
          "expressions" : "orchestrate_create_bot_for_anthropic"
        }
      } ]
    } ]
  } ]
}