{
  "behaviorGroups" : [ {
    "name" : "",
    "behaviorRules" : [ {
      "name" : "Ask for City",
      "actions" : [ "ask_for_city" ],
      "children" : [ {
        "type" : "inputmatcher",
        "values" : {
          "expressions" : "trigger(current_weather)"
        }
      } ]
    }, {
      "name" : "Current Weather in City",
      "actions" : [ "current_weather_in_city" ],
      "children" : [ {
        "type" : "inputmatcher",
        "values" : {
          "expressions" : "trigger(current_weather)",
          "occurrence" : "lastStep"
        }
      } ]
    } ]
  } ]
}