{
  "expressionsAsActions" : true,
  "behaviorGroups" : [ {
    "behaviorRules" : [ {
      "name" : "Ask for model",
      "actions" : [ "ask_for_ollama_model" ],
      "conditions" : [ {
        "type" : "actionmatcher",
        "configs" : {
          "actions" : "create_ollama_bot",
          "occurrence" : "currentStep"
        }
      } ]
    }, {
      "name" : "Ask for timeout",
      "actions" : [ "ask_for_ollama_timeout" ],
      "conditions" : [ {
        "type" : "actionmatcher",
        "configs" : {
          "actions" : "ask_for_ollama_model",
          "occurrence" : "lastStep"
        }
      } ]
    }, {
      "name" : "Ask for bot creation confirmation",
      "actions" : [ "ask_for_bot_creation_confirmation_for_ollama" ],
      "conditions" : [ {
        "type" : "actionmatcher",
        "configs" : {
          "actions" : "ask_for_ollama_timeout",
          "occurrence" : "lastStep"
        }
      } ]
    }, {
      "name" : "Create bot",
      "actions" : [ "create_properties_for_ollama", "create_behavior_rules_for_ollama", "create_langchain_ollama", "create_output_for_ollama", "create_package_for_ollama", "create_bot_for_ollama", "deploy_bot_for_ollama", "CONVERSATION_END" ],
      "conditions" : [ {
        "type" : "inputmatcher",
        "configs" : {
          "expressions" : "orchestrate_create_bot_for_ollama"
        }
      } ]
    } ]
  } ]
}