{
  "outputSet" : [ {
    "action" : "ending_learning_yes",
    "timesOccurred" : 0,
    "outputs" : [ {
      "valueAlternatives" : [ {
        "type" : "text",
        "text" : "I'm glad you made it up to this phase, I wish everything works best for you."
      } ]
    }, {
      "valueAlternatives" : [ {
        "type" : "text",
        "text" : "See ya! 👋"
      } ]
    }, {
      "valueAlternatives" : [ {
        "type" : "text",
        "text" : "Adapted from: <b>IMPROVE YOUR LEARNING SKILLS</b>, by <b>Riitta Aikkola</b>, <b>Vaasa University of Applied Sciences</b>. Ella was developed by <b>Eunit</b> for LabsAI. © 2019. All Rights Reserved."
      } ]
    } ],
    "quickReplies" : [ ]
  }, {
    "action" : "ending_reading_yes",
    "timesOccurred" : 0,
    "outputs" : [ {
      "valueAlternatives" : [ {
        "type" : "text",
        "text" : "I'm glad you made it up to this phase, I wish everything works best for you."
      } ]
    }, {
      "valueAlternatives" : [ {
        "type" : "text",
        "text" : "See ya! 👋"
      } ]
    }, {
      "valueAlternatives" : [ {
        "type" : "text",
        "text" : "Adapted from: <b>READING SKILLS</b>, by the <b>University of Melbourne</b>, <b>© The University of Melbourne 2010</b>. Ella was developed by <b>Eunit</b> for LabsAI. © 2019. All Rights Reserved."
      } ]
    } ],
    "quickReplies" : [ ]
  }, {
    "action" : "first_tip_learning_no",
    "timesOccurred" : 0,
    "outputs" : [ {
      "valueAlternatives" : [ {
        "type" : "text",
        "text" : "Ohhhh! Just relax and keep learning!"
      } ]
    }, {
      "valueAlternatives" : [ {
        "type" : "text",
        "text" : " <b>MAKE SUMMARIES</b>"
      } ]
    }, {
      "valueAlternatives" : [ {
        "type" : "text",
        "text" : "Writing a summary or outlining the central argument of the text in your own words helps you to mentally organise information."
      } ]
    }, {
      "valueAlternatives" : [ {
        "type" : "text",
        "text" : " <ul><li>Write about the subject as briefly as possible without looking at the book or your notes and imagine that you are writing it for someone who is not familiar with the subject. You may benefit from using a concept map.</li><li> Consider your personal experiences or opinions relating to the subject and write them down.</li></ul>"
      } ]
    }, {
      "valueAlternatives" : [ {
        "type" : "text",
        "text" : "Wanna read the next tip?"
      } ]
    } ],
    "quickReplies" : [ {
      "value" : "Okay",
      "expressions" : "confirmation(yes)",
      "default" : false
    }, {
      "value" : "Probably!",
      "expressions" : "confirmation(no)",
      "default" : false
    } ]
  }, {
    "action" : "first_tip_learning_yes",
    "timesOccurred" : 0,
    "outputs" : [ {
      "valueAlternatives" : [ {
        "type" : "text",
        "text" : " <b>MAKE SUMMARIES</b>"
      } ]
    }, {
      "valueAlternatives" : [ {
        "type" : "text",
        "text" : " Writing a summary or outlining the central argument of the text in your own words helps you to mentally organise information."
      } ]
    }, {
      "valueAlternatives" : [ {
        "type" : "text",
        "text" : " <ul><li>Write about the subject as briefly as possible without looking at the book or your notes and imagine that you are writing it for someone who is not familiar with the subject. You may benefit from using a concept map.</li><li> Consider your personal experiences or opinions relating to the subject and write them down.</li></ul>"
      } ]
    }, {
      "valueAlternatives" : [ {
        "type" : "text",
        "text" : "Wanna read the next tip?"
      } ]
    } ],
    "quickReplies" : [ {
      "value" : "Okay",
      "expressions" : "confirmation(yes)",
      "default" : false
    }, {
      "value" : "Probably!",
      "expressions" : "confirmation(no)",
      "default" : false
    } ]
  }, {
    "action" : "first_tip_reading_no",
    "timesOccurred" : 0,
    "outputs" : [ {
      "valueAlternatives" : [ {
        "type" : "text",
        "text" : "Ohhhh! Just relax and keep reading!"
      } ]
    }, {
      "valueAlternatives" : [ {
        "type" : "text",
        "text" : " <b>PURPOSEFUL READING</b>"
      } ]
    }, {
      "valueAlternatives" : [ {
        "type" : "text",
        "text" : "If you tend to begin reading like this: <i>“I need to read Chapter 6 – here it goes! …”</i>, you may need to rethink your approach. Specifically, you will need to create a purpose for reading."
      } ]
    }, {
      "valueAlternatives" : [ {
        "type" : "text",
        "text" : "You can create this purpose if you:<br><b>Refer to:</b><ul><li>assessment tasks</li><li>lecture slides</li><li>tutorial questions</li><li>textbook questions</li></ul><br><b>Create:</b><ul><li>questions based on lectures or tutorials</li><li>questions based on a skim of the text</li><li>(contents, headings, subheadings, diagrams, introductions, etc)</li></ul><br><b>Consider:</b><ul><li>what you already know</li><li>related knowledge or experiences</li></ul>"
      } ]
    }, {
      "valueAlternatives" : [ {
        "type" : "text",
        "text" : "Be very clear about exactly what you are looking for. Don’t just read aimlessly. Perhaps you will look for answers to questions, general understanding of a topic or issue, detailed knowledge, a range of perspectives, identification of a writer’s position, evaluation of a writer’s position, arguments that support your position, arguments that oppose your position, examples, statistics, definitions, explanations, quotes, etc."
      } ]
    }, {
      "valueAlternatives" : [ {
        "type" : "text",
        "text" : "Try to have the purpose in writing nearby so you maintain focus."
      } ]
    }, {
      "valueAlternatives" : [ {
        "type" : "text",
        "text" : "Wanna read the next tip?"
      } ]
    } ],
    "quickReplies" : [ {
      "value" : "Okay",
      "expressions" : "confirmation(yes)",
      "default" : false
    }, {
      "value" : "Probably!",
      "expressions" : "confirmation(no)",
      "default" : false
    } ]
  }, {
    "action" : "first_tip_reading_yes",
    "timesOccurred" : 0,
    "outputs" : [ {
      "valueAlternatives" : [ {
        "type" : "text",
        "text" : " <b>PURPOSEFUL READING</b>"
      } ]
    }, {
      "valueAlternatives" : [ {
        "type" : "text",
        "text" : "If you tend to begin reading like this: <i>“I need to read Chapter 6 – here it goes! …”</i>, you may need to rethink your approach. Specifically, you will need to create a purpose for reading."
      } ]
    }, {
      "valueAlternatives" : [ {
        "type" : "text",
        "text" : "You can create this purpose if you:<br><b>Refer to:</b><ul><li>assessment tasks</li><li>lecture slides</li><li>tutorial questions</li><li>textbook questions</li></ul><br><b>Create:</b><ul><li>questions based on lectures or tutorials</li><li>questions based on a skim of the text</li><li>(contents, headings, subheadings, diagrams, introductions, etc)</li></ul><br><b>Consider:</b><ul><li>what you already know</li><li>related knowledge or experiences</li></ul>"
      } ]
    }, {
      "valueAlternatives" : [ {
        "type" : "text",
        "text" : "Be very clear about exactly what you are looking for. Don’t just read aimlessly. Perhaps you will look for answers to questions, general understanding of a topic or issue, detailed knowledge, a range of perspectives, identification of a writer’s position, evaluation of a writer’s position, arguments that support your position, arguments that oppose your position, examples, statistics, definitions, explanations, quotes, etc."
      } ]
    }, {
      "valueAlternatives" : [ {
        "type" : "text",
        "text" : "Try to have the purpose in writing nearby so you maintain focus."
      } ]
    }, {
      "valueAlternatives" : [ {
        "type" : "text",
        "text" : "Wanna read the next tip?"
      } ]
    } ],
    "quickReplies" : [ {
      "value" : "Okay",
      "expressions" : "confirmation(yes)",
      "default" : false
    }, {
      "value" : "Probably!",
      "expressions" : "confirmation(no)",
      "default" : false
    } ]
  }, {
    "action" : "learning_no",
    "timesOccurred" : 0,
    "outputs" : [ {
      "valueAlternatives" : [ {
        "type" : "text",
        "text" : "Why did you visit then if you don't want to learn?"
      } ]
    }, {
      "valueAlternatives" : [ {
        "type" : "text",
        "text" : "<b>MANAGING VOCABULARY</b><br><br>Even if you are a native English speaker, you may at times feel overwhelmed by the amount of unfamiliar vocabulary you encounter. Of course, as a university student, you have a great opportunity and need to build you vocabulary (discipline specific and general), so consult glossaries and use a dictionary."
      } ]
    }, {
      "valueAlternatives" : [ {
        "type" : "text",
        "text" : "Keep a list of new words: record their definitions and write example sentences which show meaning and usage."
      } ]
    }, {
      "valueAlternatives" : [ {
        "type" : "text",
        "text" : "When using your dictionary, be discerning. Know which words can be ignored, and see if it is possible to guess the meanings of words."
      } ]
    }, {
      "valueAlternatives" : [ {
        "type" : "text",
        "text" : "Wanna read more?"
      } ]
    } ],
    "quickReplies" : [ {
      "value" : "Sure, tell me more",
      "expressions" : "confirmation(yes)",
      "default" : false
    }, {
      "value" : "Not at all",
      "expressions" : "confirmation(no)",
      "default" : false
    } ]
  }, {
    "action" : "learning_strategy_fifth_no",
    "timesOccurred" : 0,
    "outputs" : [ {
      "valueAlternatives" : [ {
        "type" : "text",
        "text" : "Just get a journal!"
      } ]
    }, {
      "valueAlternatives" : [ {
        "type" : "text",
        "text" : "<b>GETTING ACQUAINTED WITH BOOKS AND OTHER STUDY MATERIALS</b>"
      } ]
    }, {
      "valueAlternatives" : [ {
        "type" : "text",
        "text" : "<ol><li>Skim through the text: have a look at the introduction, the table of contents, the headings and the summary. The table of contents and headings will help you get an idea of the scope of what you have to learn. The summary gives a short overview of the contents of the book.</li><li>Browse the book or other reading material and make notes of the questions that spring to mind. Doing this will show you what you think the text is telling you.</li><li>Then read the book slowly and thoroughly. Examine the graphs and figures. Underline keywords and central points as it will help you review and summarise.</li><li>Think about how you can apply the information you are learning from the book/other material and also how you can use it in relation to what you have learnt previously.</li><li>Make notes: organise what you have read e.g. into themes, or write down the main ideas or make a concept map showing the relationships between different aspects of what you are learning.</li></ol>"
      } ]
    }, {
      "valueAlternatives" : [ {
        "type" : "text",
        "text" : "You can learn the contents of a book or other study material by heart e.g. like this: <br><br><ol><li>Divide the contents of the book into five main areas. Give these main areas labels or titles.</li><li>Divide each main area into five sub-areas, again labelling them with keywords.</li><li> Sub-divide these areas into five more areas. Continue dividing the material into smaller and smaller units until you reach the level of details.</li></ol>"
      } ]
    }, {
      "valueAlternatives" : [ {
        "type" : "text",
        "text" : "I hope you are noting these tips down?"
      } ]
    } ],
    "quickReplies" : [ {
      "value" : "I'm noting them down",
      "expressions" : "confirmation(yes)",
      "default" : false
    }, {
      "value" : "Just following",
      "expressions" : "confirmation(no)",
      "default" : false
    } ]
  }, {
    "action" : "learning_strategy_fifth_yes",
    "timesOccurred" : 0,
    "outputs" : [ {
      "valueAlternatives" : [ {
        "type" : "text",
        "text" : "Cool 😎"
      } ]
    }, {
      "valueAlternatives" : [ {
        "type" : "text",
        "text" : "<b>GETTING ACQUAINTED WITH BOOKS AND OTHER STUDY MATERIALS</b>"
      } ]
    }, {
      "valueAlternatives" : [ {
        "type" : "text",
        "text" : "<ol><li>Skim through the text: have a look at the introduction, the table of contents, the headings and the summary. The table of contents and headings will help you get an idea of the scope of what you have to learn. The summary gives a short overview of the contents of the book.</li><li>Browse the book or other reading material and make notes of the questions that spring to mind. Doing this will show you what you think the text is telling you.</li><li>Then read the book slowly and thoroughly. Examine the graphs and figures. Underline keywords and central points as it will help you review and summarise.</li><li>Think about how you can apply the information you are learning from the book/other material and also how you can use it in relation to what you have learnt previously.</li><li>Make notes: organise what you have read e.g. into themes, or write down the main ideas or make a concept map showing the relationships between different aspects of what you are learning.</li></ol>"
      } ]
    }, {
      "valueAlternatives" : [ {
        "type" : "text",
        "text" : "You can learn the contents of a book or other study material by heart e.g. like this: <br><br><ol><li>Divide the contents of the book into five main areas. Give these main areas labels or titles.</li><li>Divide each main area into five sub-areas, again labelling them with keywords.</li><li> Sub-divide these areas into five more areas. Continue dividing the material into smaller and smaller units until you reach the level of details.</li></ol>"
      } ]
    }, {
      "valueAlternatives" : [ {
        "type" : "text",
        "text" : "I hope you are noting these tips down?"
      } ]
    } ],
    "quickReplies" : [ {
      "value" : "I'm noting them down",
      "expressions" : "confirmation(yes)",
      "default" : false
    }, {
      "value" : "Just following",
      "expressions" : "confirmation(no)",
      "default" : false
    } ]
  }, {
    "action" : "learning_strategy_first_no",
    "timesOccurred" : 0,
    "outputs" : [ {
      "valueAlternatives" : [ {
        "type" : "text",
        "text" : " You know, I really want you to learn these <b> Learning Skills </b>"
      } ]
    }, {
      "valueAlternatives" : [ {
        "type" : "text",
        "text" : "<b>USE CONCEPT MAPPING</b>"
      } ]
    }, {
      "valueAlternatives" : [ {
        "type" : "text",
        "text" : " <ul><li>Write about the subject as briefly as possible without looking at the book or your notes and imagine that you are writing it for someone who is not familiar. A concept map may help you to organise information as it illustrates the relationship between things. The purpose of a concept map is to bring together everything you have learnt by arranging the main ideas into themes.</li></ul>"
      } ]
    }, {
      "valueAlternatives" : [ {
        "type" : "text",
        "text" : "I hope you undersatand?"
      } ]
    } ],
    "quickReplies" : [ {
      "value" : "Yeah, next tip",
      "expressions" : "confirmation(yes)",
      "default" : false
    }, {
      "value" : "Not really!",
      "expressions" : "confirmation(no)",
      "default" : false
    } ]
  }, {
    "action" : "learning_strategy_first_yes",
    "timesOccurred" : 0,
    "outputs" : [ {
      "valueAlternatives" : [ {
        "type" : "text",
        "text" : "Good to know that you still want to learn."
      } ]
    }, {
      "valueAlternatives" : [ {
        "type" : "text",
        "text" : "<b>USE CONCEPT MAPPING</b>"
      } ]
    }, {
      "valueAlternatives" : [ {
        "type" : "text",
        "text" : " <ul><li>Write about the subject as briefly as possible without looking at the book or your notes and imagine that you are writing it for someone who is not familiar. A concept map may help you to organise information as it illustrates the relationship between things. The purpose of a concept map is to bring together everything you have learnt by arranging the main ideas into themes.</li></ul>"
      } ]
    }, {
      "valueAlternatives" : [ {
        "type" : "text",
        "text" : "I hope you undersatand?"
      } ]
    } ],
    "quickReplies" : [ {
      "value" : "Yeah, next tip",
      "expressions" : "confirmation(yes)",
      "default" : false
    }, {
      "value" : "Not really!",
      "expressions" : "confirmation(no)",
      "default" : false
    } ]
  }, {
    "action" : "learning_strategy_fourth_no",
    "timesOccurred" : 0,
    "outputs" : [ {
      "valueAlternatives" : [ {
        "type" : "text",
        "text" : "You can grab your journal at a bookshop closest to you."
      } ]
    }, {
      "valueAlternatives" : [ {
        "type" : "text",
        "text" : "<b>BE MOTIVATED TO LEARN</b>"
      } ]
    }, {
      "valueAlternatives" : [ {
        "type" : "text",
        "text" : " Personal motives for learning can be immediate or long-term, extrinsic or intrinsic.  You may be eager to learn because it's fun now, or it will be useful later, or both.  When students discover that it's fun to learn and think, they'll want to do it more often and more skillfully!"
      } ]
    }, {
      "valueAlternatives" : [ {
        "type" : "text",
        "text" : "Got it? "
      } ]
    } ],
    "quickReplies" : [ {
      "value" : "Sure 😊 ",
      "expressions" : "confirmation(yes)",
      "default" : false
    }, {
      "value" : "Not Sure 😐",
      "expressions" : "confirmation(no)",
      "default" : false
    } ]
  }, {
    "action" : "learning_strategy_fourth_yes",
    "timesOccurred" : 0,
    "outputs" : [ {
      "valueAlternatives" : [ {
        "type" : "text",
        "text" : "Nice one, use the journal to organise your thoughts."
      } ]
    }, {
      "valueAlternatives" : [ {
        "type" : "text",
        "text" : "<b>BE MOTIVATED TO LEARN</b>"
      } ]
    }, {
      "valueAlternatives" : [ {
        "type" : "text",
        "text" : " Personal motives for learning can be immediate or long-term, extrinsic or intrinsic.  You may be eager to learn because it's fun now, or it will be useful later, or both.  When students discover that it's fun to learn and think, they'll want to do it more often and more skillfully!"
      } ]
    }, {
      "valueAlternatives" : [ {
        "type" : "text",
        "text" : "Got it? "
      } ]
    } ],
    "quickReplies" : [ {
      "value" : "Sure 😊 ",
      "expressions" : "confirmation(yes)",
      "default" : false
    }, {
      "value" : "Not Sure 😐",
      "expressions" : "confirmation(no)",
      "default" : false
    } ]
  }, {
    "action" : "learning_strategy_second_no",
    "timesOccurred" : 0,
    "outputs" : [ {
      "valueAlternatives" : [ {
        "type" : "text",
        "text" : " Please, keep reading to learn!"
      } ]
    }, {
      "valueAlternatives" : [ {
        "type" : "text",
        "text" : "<b>STUDY WITH OTHERS</b><br><br>Take the plunge and discuss the subject with other students. Working through questions and ideas together is both pleasant and useful from the perspective of learning."
      } ]
    }, {
      "valueAlternatives" : [ {
        "type" : "text",
        "text" : "<b>Examples of group study exercises:</b><br><br><ul><li> Come up with questions about the subject and ask the group for answers. Each person in the group comes up with questions and gets answers from the rest of the group.</li><li>Read the text you have been assigned together with your study buddy. Once you have finished, put your book and papers away. One person gives a summary in his/her own words and the other person fills in the gaps. Continue reading the text and taking turns at intervals to summarise and fill in the gaps.</li><li>Teach what you have learnt to someone not familiar with the subject area. Teaching something to someone else helps you to see not only how much you already know but also what your limitations and problem areas are.</li></ul>"
      } ]
    }, {
      "valueAlternatives" : [ {
        "type" : "text",
        "text" : "I hope you do find a study group for yourself?"
      } ]
    } ],
    "quickReplies" : [ {
      "value" : "Sure, I will",
      "expressions" : "confirmation(yes)",
      "default" : false
    }, {
      "value" : "Undecided yet",
      "expressions" : "confirmation(no)",
      "default" : false
    } ]
  }, {
    "action" : "learning_strategy_second_yes",
    "timesOccurred" : 0,
    "outputs" : [ {
      "valueAlternatives" : [ {
        "type" : "text",
        "text" : "<b>STUDY WITH OTHERS</b><br><br>Take the plunge and discuss the subject with other students. Working through questions and ideas together is both pleasant and useful from the perspective of learning."
      } ]
    }, {
      "valueAlternatives" : [ {
        "type" : "text",
        "text" : "<b>Examples of group study exercises:</b><br><br><ul><li> Come up with questions about the subject and ask the group for answers. Each person in the group comes up with questions and gets answers from the rest of the group.</li><li>Read the text you have been assigned together with your study buddy. Once you have finished, put your book and papers away. One person gives a summary in his/her own words and the other person fills in the gaps. Continue reading the text and taking turns at intervals to summarise and fill in the gaps.</li><li>Teach what you have learnt to someone not familiar with the subject area. Teaching something to someone else helps you to see not only how much you already know but also what your limitations and problem areas are.</li></ul>"
      } ]
    }, {
      "valueAlternatives" : [ {
        "type" : "text",
        "text" : "I hope you do find a study group for yourself?"
      } ]
    } ],
    "quickReplies" : [ {
      "value" : "Sure, I will",
      "expressions" : "confirmation(yes)",
      "default" : false
    }, {
      "value" : "Undecided yet",
      "expressions" : "confirmation(no)",
      "default" : false
    } ]
  }, {
    "action" : "learning_strategy_seventh_no",
    "timesOccurred" : 0,
    "outputs" : [ {
      "valueAlternatives" : [ {
        "type" : "text",
        "text" : "There isn't another better method apart from this 😕"
      } ]
    }, {
      "valueAlternatives" : [ {
        "type" : "text",
        "text" : "<b>IDENTIFY YOUR LEARNING STYLE</b>"
      } ]
    }, {
      "valueAlternatives" : [ {
        "type" : "text",
        "text" : "Think back to a satisfying and pleasant work or study experience where you performed well. Think about how you went about working, the type of work process that led to this successful learning outcome."
      } ]
    }, {
      "valueAlternatives" : [ {
        "type" : "text",
        "text" : "I've got a summary for you on '<b>How to Take Care of your Brain</b>', do you wish to check it out?"
      } ]
    } ],
    "quickReplies" : [ {
      "value" : "Would love to",
      "expressions" : "confirmation(yes)",
      "default" : false
    }, {
      "value" : "Nay, thank you!",
      "expressions" : "confirmation(no)",
      "default" : false
    } ]
  }, {
    "action" : "learning_strategy_seventh_yes",
    "timesOccurred" : 0,
    "outputs" : [ {
      "valueAlternatives" : [ {
        "type" : "text",
        "text" : "I think you are the smart type."
      } ]
    }, {
      "valueAlternatives" : [ {
        "type" : "text",
        "text" : "<b>IDENTIFY YOUR LEARNING STYLE</b>"
      } ]
    }, {
      "valueAlternatives" : [ {
        "type" : "text",
        "text" : "Think back to a satisfying and pleasant work or study experience where you performed well. Think about how you went about working, the type of work process that led to this successful learning outcome."
      } ]
    }, {
      "valueAlternatives" : [ {
        "type" : "text",
        "text" : "I've got a summary for you on '<b>How to Take Care of your Brain</b>', do you wish to check it out?"
      } ]
    } ],
    "quickReplies" : [ {
      "value" : "Would love to",
      "expressions" : "confirmation(yes)",
      "default" : false
    }, {
      "value" : "Nay, thank you!",
      "expressions" : "confirmation(no)",
      "default" : false
    } ]
  }, {
    "action" : "learning_strategy_sixth_no",
    "timesOccurred" : 0,
    "outputs" : [ {
      "valueAlternatives" : [ {
        "type" : "text",
        "text" : "You seem not to be a good student [[${properties.name}]] 😔"
      } ]
    }, {
      "valueAlternatives" : [ {
        "type" : "text",
        "text" : "<b>DEVELOP YOUR MEMORY USING MEMORY TECHNIQUES</b>"
      } ]
    }, {
      "valueAlternatives" : [ {
        "type" : "text",
        "text" : "There are a variety of memory techniques that can make remembering and learning easier.<br><ol><li> Try associating the things you have to remember with landmarks on a familiar route. E.g. glucose is on the book shelf, insulin is on the window sill, adrenalin is in the kitchen cup-board etc.</li><li>Create and use existing acronyms, e.g. MMSB (Madrid, Malaga, Seville, Barcelona).</li><li> Remembering a number sequence is easier if you split the sequence up into shorter sequences each of which has an interesting or meaningful association. E.g. 23485507: 23 was the age when I moved away from home, 48 is my neighbour's door number, 55 is my dad's birth year, 07 is my sister's birth month. Or try setting the numbers to a familiar song or jin-gle.</li><li>Repeat what you need to learn out loud. This will strengthen your memory.</li></ol> "
      } ]
    }, {
      "valueAlternatives" : [ {
        "type" : "text",
        "text" : "Cool trick, isn't it?"
      } ]
    } ],
    "quickReplies" : [ {
      "value" : "Remarkable!",
      "expressions" : "confirmation(yes)",
      "default" : false
    }, {
      "value" : "Disagreed",
      "expressions" : "confirmation(no)",
      "default" : false
    } ]
  }, {
    "action" : "learning_strategy_sixth_yes",
    "timesOccurred" : 0,
    "outputs" : [ {
      "valueAlternatives" : [ {
        "type" : "text",
        "text" : "You  seem to be a good student [[${properties.name}]] 😊 <br> <video height='180px' width='180px' controls='0' loop='loop' autoplay='autoplay' name='media'><source src='https://berlinebot.000webhostapp.com/projects/Gifs/VID-20190704-WA0013.mp4' type='video/mp4'></video>"
      } ]
    }, {
      "valueAlternatives" : [ {
        "type" : "text",
        "text" : "<b>DEVELOP YOUR MEMORY USING MEMORY TECHNIQUES</b>"
      } ]
    }, {
      "valueAlternatives" : [ {
        "type" : "text",
        "text" : "There are a variety of memory techniques that can make remembering and learning easier.<br><ol><li> Try associating the things you have to remember with landmarks on a familiar route. E.g. glucose is on the book shelf, insulin is on the window sill, adrenalin is in the kitchen cup-board etc.</li><li>Create and use existing acronyms, e.g. MMSB (Madrid, Malaga, Seville, Barcelona).</li><li> Remembering a number sequence is easier if you split the sequence up into shorter sequences each of which has an interesting or meaningful association. E.g. 23485507: 23 was the age when I moved away from home, 48 is my neighbour's door number, 55 is my dad's birth year, 07 is my sister's birth month. Or try setting the numbers to a familiar song or jin-gle.</li><li>Repeat what you need to learn out loud. This will strengthen your memory.</li></ol> "
      } ]
    }, {
      "valueAlternatives" : [ {
        "type" : "text",
        "text" : "Cool trick, isn't it?"
      } ]
    } ],
    "quickReplies" : [ {
      "value" : "Remarkable!",
      "expressions" : "confirmation(yes)",
      "default" : false
    }, {
      "value" : "Disagreed",
      "expressions" : "confirmation(no)",
      "default" : false
    } ]
  }, {
    "action" : "learning_strategy_third_no",
    "timesOccurred" : 0,
    "outputs" : [ {
      "valueAlternatives" : [ {
        "type" : "text",
        "text" : "I wish you do make a decision soon."
      } ]
    }, {
      "valueAlternatives" : [ {
        "type" : "text",
        "text" : "<b>KEEP A LEARNING JOURNAL</b>"
      } ]
    }, {
      "valueAlternatives" : [ {
        "type" : "text",
        "text" : "The purpose of a learning journal is to help you organise your thoughts and observe your own progress. It deepens and enriches the learning process and works as a tool for evaluating your learning."
      } ]
    }, {
      "valueAlternatives" : [ {
        "type" : "text",
        "text" : "Use the journal to write down your own insights, perceptions and questions as well as things you need to find out or problems you need to solve. Write regularly. A journal will be especially useful for seminar and thesis work, where you will have to organise information that you have collected yourself."
      } ]
    }, {
      "valueAlternatives" : [ {
        "type" : "text",
        "text" : "Got a journal yet? 😌"
      } ]
    } ],
    "quickReplies" : [ {
      "value" : "Definitely! I have my journal.",
      "expressions" : "confirmation(yes)",
      "default" : false
    }, {
      "value" : "Uhmmm... No journal! 😐",
      "expressions" : "confirmation(no)",
      "default" : false
    } ]
  }, {
    "action" : "learning_strategy_third_yes",
    "timesOccurred" : 0,
    "outputs" : [ {
      "valueAlternatives" : [ {
        "type" : "text",
        "text" : "Great decision 👊"
      } ]
    }, {
      "valueAlternatives" : [ {
        "type" : "text",
        "text" : "<b>KEEP A LEARNING JOURNAL</b>"
      } ]
    }, {
      "valueAlternatives" : [ {
        "type" : "text",
        "text" : "The purpose of a learning journal is to help you organise your thoughts and observe your own progress. It deepens and enriches the learning process and works as a tool for evaluating your learning."
      } ]
    }, {
      "valueAlternatives" : [ {
        "type" : "text",
        "text" : "Use the journal to write down your own insights, perceptions and questions as well as things you need to find out or problems you need to solve. Write regularly. A journal will be especially useful for seminar and thesis work, where you will have to organise information that you have collected yourself."
      } ]
    }, {
      "valueAlternatives" : [ {
        "type" : "text",
        "text" : "Got a journal yet? 😌"
      } ]
    } ],
    "quickReplies" : [ {
      "value" : "Definitely! I have my journal.",
      "expressions" : "confirmation(yes)",
      "default" : false
    }, {
      "value" : "Uhmmm... No journal! 😐",
      "expressions" : "confirmation(no)",
      "default" : false
    } ]
  }, {
    "action" : "learning_yes",
    "timesOccurred" : 0,
    "outputs" : [ {
      "valueAlternatives" : [ {
        "type" : "text",
        "text" : "Here you go; Learning Skills!"
      } ]
    }, {
      "valueAlternatives" : [ {
        "type" : "text",
        "text" : "<b>MANAGING VOCABULARY</b><br><br>Even if you are a native English speaker, you may at times feel overwhelmed by the amount of unfamiliar vocabulary you encounter. Of course, as a university student, you have a great opportunity and need to build you vocabulary (discipline specific and general), so consult glossaries and use a dictionary."
      } ]
    }, {
      "valueAlternatives" : [ {
        "type" : "text",
        "text" : "Keep a list of new words: record their definitions and write example sentences which show meaning and usage."
      } ]
    }, {
      "valueAlternatives" : [ {
        "type" : "text",
        "text" : "When using your dictionary, be discerning. Know which words can be ignored, and see if it is possible to guess the meanings of words."
      } ]
    }, {
      "valueAlternatives" : [ {
        "type" : "text",
        "text" : "Wanna read more?"
      } ]
    } ],
    "quickReplies" : [ {
      "value" : "Sure, tell me more",
      "expressions" : "confirmation(yes)",
      "default" : false
    }, {
      "value" : "Not at all",
      "expressions" : "confirmation(no)",
      "default" : false
    } ]
  }, {
    "action" : "more_tips_learning_no",
    "timesOccurred" : 0,
    "outputs" : [ {
      "valueAlternatives" : [ {
        "type" : "text",
        "text" : " I insist on you checking it out. <br> <video height='180px' width='180px' controls='0' loop='loop' autoplay='autoplay' name='media'><source src='https://berlinebot.000webhostapp.com/projects/Gifs/VID-20190704-WA0013.mp4' type='video/mp4'></video>"
      } ]
    }, {
      "valueAlternatives" : [ {
        "type" : "text",
        "text" : "Use this summary to make things work out best for you:"
      } ]
    }, {
      "valueAlternatives" : [ {
        "type" : "text",
        "text" : "<ol> <li>Get enough sleep.</li><li>Avoid trauma to the head</li><li>Nourish your brain</li><li>Support your brain by exercising</li></ol>"
      } ]
    }, {
      "valueAlternatives" : [ {
        "type" : "text",
        "text" : "Finally, remember: <br><br><i>'The way of a fool is right in his own eyes, but a wise man listens to advice'</i> (Proverbs 12:15).<br><i>'A disciple is not above his teacher, but everyone when he is fully trained will be like his teacher'</i> (Luke 6:40)."
      } ]
    }, {
      "valueAlternatives" : [ {
        "type" : "text",
        "text" : "I've got to go now, [[${properties.name}]] 🖐"
      } ]
    } ],
    "quickReplies" : [ {
      "value" : "Bye 🖐",
      "expressions" : "confirmation(yes)",
      "default" : false
    } ]
  }, {
    "action" : "more_tips_learning_yes",
    "timesOccurred" : 0,
    "outputs" : [ {
      "valueAlternatives" : [ {
        "type" : "text",
        "text" : "Great; here you go!"
      } ]
    }, {
      "valueAlternatives" : [ {
        "type" : "text",
        "text" : "Use this summary to make things work out best for you:"
      } ]
    }, {
      "valueAlternatives" : [ {
        "type" : "text",
        "text" : "<ol> <li>Get enough sleep.</li><li>Avoid trauma to the head</li><li>Nourish your brain</li><li>Support your brain by exercising</li></ol>"
      } ]
    }, {
      "valueAlternatives" : [ {
        "type" : "text",
        "text" : "Finally, remember: <br><br><i>'The way of a fool is right in his own eyes, but a wise man listens to advice'</i> (Proverbs 12:15).<br><i>'A disciple is not above his teacher, but everyone when he is fully trained will be like his teacher'</i> (Luke 6:40)."
      } ]
    }, {
      "valueAlternatives" : [ {
        "type" : "text",
        "text" : "I've got to go now, [[${properties.name}]] 🖐"
      } ]
    } ],
    "quickReplies" : [ {
      "value" : "Bye 🖐",
      "expressions" : "confirmation(yes)",
      "default" : false
    } ]
  }, {
    "action" : "more_tips_reading_no",
    "timesOccurred" : 0,
    "outputs" : [ {
      "valueAlternatives" : [ {
        "type" : "text",
        "text" : " I insist on you checking it out. <br> <video height='180px' width='180px' controls='0' loop='loop' autoplay='autoplay' name='media'><source src='https://berlinebot.000webhostapp.com/projects/Gifs/VID-20190704-WA0013.mp4' type='video/mp4'></video> "
      } ]
    }, {
      "valueAlternatives" : [ {
        "type" : "text",
        "text" : "<b>Inrtetsneig fcat!</b><br><br><i>Aoccdrnig to rscheearch at an Elingsh uinervtisy, it deosn’t mttaer in waht oredr the ltteers in a wrod are, the olny iprmoetnt tihng is that the frist and lsat ltteer is at the rghit pclae. The rset can be a total mses and you can sitll raed it wouthit a porbelm. Tihs is bcuseae we do not raed ervey lteter by it slef but the wrod as a wlohe.</i>"
      } ]
    }, {
      "valueAlternatives" : [ {
        "type" : "text",
        "text" : "Finally, remember: if you continue to find reading difficult, remember this:<br><br>Reading at university level is difficult!<br>However, if you put in the time and effort you may start to enjoy the challenge!"
      } ]
    }, {
      "valueAlternatives" : [ {
        "type" : "text",
        "text" : "I've got to go now, [[${properties.name}]] 🖐"
      } ]
    } ],
    "quickReplies" : [ {
      "value" : "Bye 🖐",
      "expressions" : "confirmation(yes)",
      "default" : false
    } ]
  }, {
    "action" : "more_tips_reading_yes",
    "timesOccurred" : 0,
    "outputs" : [ {
      "valueAlternatives" : [ {
        "type" : "text",
        "text" : "Great; here you go!"
      } ]
    }, {
      "valueAlternatives" : [ {
        "type" : "text",
        "text" : "<b>Inrtetsneig fcat!</b><br><br><i>Aoccdrnig to rscheearch at an Elingsh uinervtisy, it deosn’t mttaer in waht oredr the ltteers in a wrod are, the olny iprmoetnt tihng is that the frist and lsat ltteer is at the rghit pclae. The rset can be a total mses and you can sitll raed it wouthit a porbelm. Tihs is bcuseae we do not raed ervey lteter by it slef but the wrod as a wlohe.</i>"
      } ]
    }, {
      "valueAlternatives" : [ {
        "type" : "text",
        "text" : "Finally, remember: if you continue to find reading difficult, remember this:<br><br>Reading at university level is difficult!<br>However, if you put in the time and effort you may start to enjoy the challenge!"
      } ]
    }, {
      "valueAlternatives" : [ {
        "type" : "text",
        "text" : "I've got to go now, [[${properties.name}]] 🖐"
      } ]
    } ],
    "quickReplies" : [ {
      "value" : "Bye 🖐",
      "expressions" : "confirmation(yes)",
      "default" : false
    } ]
  }, {
    "action" : "name",
    "timesOccurred" : 0,
    "outputs" : [ {
      "valueAlternatives" : [ {
        "type" : "text",
        "text" : "Welcome [[${properties.name}]] to my world of virtual learning 😉 😊  <br> <video height='180px' width='180px' controls='0' loop='loop' autoplay='autoplay' name='media'><source src='https://berlinebot.000webhostapp.com/projects/Gifs/VID-20190704-WA0023.mp4' type='video/mp4'></video>"
      } ]
    }, {
      "valueAlternatives" : [ {
        "type" : "text",
        "text" : "I will be teaching you '<b>Study Skills</b>'.<br/> these skills include:<ol> <li>Learning Skills</li><li>Reading Skills</li></ol>"
      } ]
    }, {
      "valueAlternatives" : [ {
        "type" : "text",
        "text" : "What skills would you want to learn?"
      } ]
    } ],
    "quickReplies" : [ {
      "value" : "Learning Skills",
      "expressions" : "confirmation(learning_skills)",
      "default" : false
    }, {
      "value" : "Reading Skills",
      "expressions" : "confirmation(reading_skills)",
      "default" : false
    } ]
  }, {
    "action" : "reading_no",
    "timesOccurred" : 0,
    "outputs" : [ {
      "valueAlternatives" : [ {
        "type" : "text",
        "text" : "Why did you visit then if you don't want to learn?"
      } ]
    }, {
      "valueAlternatives" : [ {
        "type" : "text",
        "text" : "<b>MANAGING VOCABULARY</b><br><br>Even if you are a native English speaker, you may at times feel overwhelmed by the amount of unfamiliar vocabulary you encounter. Of course, as a university student, you have a great opportunity and need to build you vocabulary (discipline specific and general), so consult glossaries and use a dictionary."
      } ]
    }, {
      "valueAlternatives" : [ {
        "type" : "text",
        "text" : "Keep a list of new words: record their definitions and write example sentences which show meaning and usage."
      } ]
    }, {
      "valueAlternatives" : [ {
        "type" : "text",
        "text" : "When using your dictionary, be discerning. Know which words can be ignored, and see if it is possible to guess the meanings of words."
      } ]
    }, {
      "valueAlternatives" : [ {
        "type" : "text",
        "text" : "Wanna read more?"
      } ]
    } ],
    "quickReplies" : [ {
      "value" : "Sure, tell me more",
      "expressions" : "confirmation(yes)",
      "default" : false
    }, {
      "value" : "Not at all",
      "expressions" : "confirmation(no)",
      "default" : false
    } ]
  }, {
    "action" : "reading_strategy_fifth_no",
    "timesOccurred" : 0,
    "outputs" : [ {
      "valueAlternatives" : [ {
        "type" : "text",
        "text" : "Please reread the message again."
      } ]
    }, {
      "valueAlternatives" : [ {
        "type" : "text",
        "text" : "<b>ANALYTICAL READING</b>"
      } ]
    }, {
      "valueAlternatives" : [ {
        "type" : "text",
        "text" : "Analytical reading (or study reading) is needed when you want to make sure that you fully grasp and appreciate what you are reading. You may have to read statements more than once, stop to think about them, or jot down key words when using this style. As a result, your reading rate can easily drop to below 100 words a minute."
      } ]
    }, {
      "valueAlternatives" : [ {
        "type" : "text",
        "text" : "You can learn the contents of a book or other study material by heart e.g. like this: <br><br><ol><li>Divide the contents of the book into five main areas. Give these main areas labels or titles.</li><li>Divide each main area into five sub-areas, again labelling them with keywords.</li><li> Sub-divide these areas into five more areas. Continue dividing the material into smaller and smaller units until you reach the level of details.</li></ol>"
      } ]
    }, {
      "valueAlternatives" : [ {
        "type" : "text",
        "text" : "<i><b>Activity: Read the following for an example of when slow, careful reading may be needed.</b><br>One of the first things that should be done in the evaluation of structural equation models is an assessment of the adequacy of input data and the statistical assump-tion underlying any estimation methods used in the analysis. (Bagozzi and Yi, 1988, p. 76)</i>"
      } ]
    }, {
      "valueAlternatives" : [ {
        "type" : "text",
        "text" : "I hope you are noting these tips down?"
      } ]
    } ],
    "quickReplies" : [ {
      "value" : "I'm noting them down",
      "expressions" : "confirmation(yes)",
      "default" : false
    }, {
      "value" : "Just following",
      "expressions" : "confirmation(no)",
      "default" : false
    } ]
  }, {
    "action" : "reading_strategy_fifth_yes",
    "timesOccurred" : 0,
    "outputs" : [ {
      "valueAlternatives" : [ {
        "type" : "text",
        "text" : "Cool 😎"
      } ]
    }, {
      "valueAlternatives" : [ {
        "type" : "text",
        "text" : "<b>ANALYTICAL READING</b>"
      } ]
    }, {
      "valueAlternatives" : [ {
        "type" : "text",
        "text" : "Analytical reading (or study reading) is needed when you want to make sure that you fully grasp and appreciate what you are reading. You may have to read statements more than once, stop to think about them, or jot down key words when using this style. As a result, your reading rate can easily drop to below 100 words a minute."
      } ]
    }, {
      "valueAlternatives" : [ {
        "type" : "text",
        "text" : "You can learn the contents of a book or other study material by heart e.g. like this: <br><br><ol><li>Divide the contents of the book into five main areas. Give these main areas labels or titles.</li><li>Divide each main area into five sub-areas, again labelling them with keywords.</li><li> Sub-divide these areas into five more areas. Continue dividing the material into smaller and smaller units until you reach the level of details.</li></ol>"
      } ]
    }, {
      "valueAlternatives" : [ {
        "type" : "text",
        "text" : "<i><b>Activity: Read the following for an example of when slow, careful reading may be needed.</b><br>One of the first things that should be done in the evaluation of structural equation models is an assessment of the adequacy of input data and the statistical assump-tion underlying any estimation methods used in the analysis. (Bagozzi and Yi, 1988, p. 76)</i>"
      } ]
    }, {
      "valueAlternatives" : [ {
        "type" : "text",
        "text" : "I hope you are noting these tips down?"
      } ]
    } ],
    "quickReplies" : [ {
      "value" : "I'm noting them down",
      "expressions" : "confirmation(yes)",
      "default" : false
    }, {
      "value" : "Just following",
      "expressions" : "confirmation(no)",
      "default" : false
    } ]
  }, {
    "action" : "reading_strategy_first_no",
    "timesOccurred" : 0,
    "outputs" : [ {
      "valueAlternatives" : [ {
        "type" : "text",
        "text" : " You know, I really want you to learn these <b> Reading Skills </b>"
      } ]
    }, {
      "valueAlternatives" : [ {
        "type" : "text",
        "text" : "<b>SCANNING</b>"
      } ]
    }, {
      "valueAlternatives" : [ {
        "type" : "text",
        "text" : "Scanning is reading quickly to search for specific information. You may not realise it, but you are already good at scanning. You scan, for example, when checking a TV guide or a phone book. Scanning may allow you to ‘read’ up to 1,500 words a minute."
      } ]
    }, {
      "valueAlternatives" : [ {
        "type" : "text",
        "text" : "One reason to scan an academic text that you have found while researching is to locate key terms as a means to assess the text’s relevance."
      } ]
    }, {
      "valueAlternatives" : [ {
        "type" : "text",
        "text" : "I hope you undersatand?"
      } ]
    } ],
    "quickReplies" : [ {
      "value" : "Yeah, next tip",
      "expressions" : "confirmation(yes)",
      "default" : false
    }, {
      "value" : "Not really!",
      "expressions" : "confirmation(no)",
      "default" : false
    } ]
  }, {
    "action" : "reading_strategy_first_yes",
    "timesOccurred" : 0,
    "outputs" : [ {
      "valueAlternatives" : [ {
        "type" : "text",
        "text" : "Good to know that you still want to read."
      } ]
    }, {
      "valueAlternatives" : [ {
        "type" : "text",
        "text" : "<b>SCANNING</b>"
      } ]
    }, {
      "valueAlternatives" : [ {
        "type" : "text",
        "text" : "Scanning is reading quickly to search for specific information. You may not realise it, but you are already good at scanning. You scan, for example, when checking a TV guide or a phone book. Scanning may allow you to ‘read’ up to 1,500 words a minute."
      } ]
    }, {
      "valueAlternatives" : [ {
        "type" : "text",
        "text" : "One reason to scan an academic text that you have found while researching is to locate key terms as a means to assess the text’s relevance."
      } ]
    }, {
      "valueAlternatives" : [ {
        "type" : "text",
        "text" : "I hope you undersatand?"
      } ]
    } ],
    "quickReplies" : [ {
      "value" : "Yeah, next tip",
      "expressions" : "confirmation(yes)",
      "default" : false
    }, {
      "value" : "Not really!",
      "expressions" : "confirmation(no)",
      "default" : false
    } ]
  }, {
    "action" : "reading_strategy_fourth_no",
    "timesOccurred" : 0,
    "outputs" : [ {
      "valueAlternatives" : [ {
        "type" : "text",
        "text" : "It's simple; just look for information words in your passage."
      } ]
    }, {
      "valueAlternatives" : [ {
        "type" : "text",
        "text" : "<b>PHRASE READING</b>"
      } ]
    }, {
      "valueAlternatives" : [ {
        "type" : "text",
        "text" : "Watch the eyes of a friend or a member of your family while he or she is reading. You will see that they move along each line of print in a series of jerks. The pauses between the jerks are known as fixations. It is during the fixations that your eyes take in words."
      } ]
    }, {
      "valueAlternatives" : [ {
        "type" : "text",
        "text" : "Poor readers take in only one or two words in each fixation.<br>| This is | how a | poor | reader’s| eyes move | along | lines| of print. |<br><br>A good reader, on the other hand, takes in several words in each fixation<br>| This is how | a better reader’s | eyes move along | lines of print.|"
      } ]
    }, {
      "valueAlternatives" : [ {
        "type" : "text",
        "text" : "Got it? "
      } ]
    } ],
    "quickReplies" : [ {
      "value" : "Sure 😊 ",
      "expressions" : "confirmation(yes)",
      "default" : false
    }, {
      "value" : "Not Sure 😐",
      "expressions" : "confirmation(no)",
      "default" : false
    } ]
  }, {
    "action" : "reading_strategy_fourth_yes",
    "timesOccurred" : 0,
    "outputs" : [ {
      "valueAlternatives" : [ {
        "type" : "text",
        "text" : "Nice one, it's simple; just look for information words in your passage."
      } ]
    }, {
      "valueAlternatives" : [ {
        "type" : "text",
        "text" : "<b>PHRASE READING</b>"
      } ]
    }, {
      "valueAlternatives" : [ {
        "type" : "text",
        "text" : "Watch the eyes of a friend or a member of your family while he or she is reading. You will see that they move along each line of print in a series of jerks. The pauses between the jerks are known as fixations. It is during the fixations that your eyes take in words."
      } ]
    }, {
      "valueAlternatives" : [ {
        "type" : "text",
        "text" : "Poor readers take in only one or two words in each fixation.<br>| This is | how a | poor | reader’s| eyes move | along | lines| of print. |<br><br>A good reader, on the other hand, takes in several words in each fixation<br>| This is how | a better reader’s | eyes move along | lines of print.|"
      } ]
    }, {
      "valueAlternatives" : [ {
        "type" : "text",
        "text" : "Got it? "
      } ]
    } ],
    "quickReplies" : [ {
      "value" : "Sure 😊 ",
      "expressions" : "confirmation(yes)",
      "default" : false
    }, {
      "value" : "Not Sure 😐",
      "expressions" : "confirmation(no)",
      "default" : false
    } ]
  }, {
    "action" : "reading_strategy_second_no",
    "timesOccurred" : 0,
    "outputs" : [ {
      "valueAlternatives" : [ {
        "type" : "text",
        "text" : " Please, keep reading to learn!"
      } ]
    }, {
      "valueAlternatives" : [ {
        "type" : "text",
        "text" : "<b>SKIMMING</b><br><br>Skimming is reading quickly to gain a general idea. Skimming may allow you to ‘read’ up to 1000 words a minute."
      } ]
    }, {
      "valueAlternatives" : [ {
        "type" : "text",
        "text" : "Skimming helps you identify whether or not to continue reading, what to read carefully, and where the best place is to begin. Skimming an academic text immediately before you read it carefully can help you consider what you already know and can help you develop a purpose for reading. An initial skim can also help maximise your interest in the text and your understanding and reflection on the material."
      } ]
    }, {
      "valueAlternatives" : [ {
        "type" : "text",
        "text" : "As with scanning, skimming does not involve reading every word. Instead, you may skim by reading: <br><br><ul><li>titles</li><li>subheadings<li></li>words in that are in <b>bold</b>, in <i>italics</i> or <u>underlined</u></li><li>diagrams</li><li>a report’s abstract, introduction or conclusion</li><li>the first sentence of every paragraph</li><li>chapter questions</li><li> chapter objectives</li><li>chapter summaries</ul>"
      } ]
    }, {
      "valueAlternatives" : [ {
        "type" : "text",
        "text" : "I hope you will apply this technique?"
      } ]
    } ],
    "quickReplies" : [ {
      "value" : "Sure, I will",
      "expressions" : "confirmation(yes)",
      "default" : false
    }, {
      "value" : "Undecided yet",
      "expressions" : "confirmation(no)",
      "default" : false
    } ]
  }, {
    "action" : "reading_strategy_second_yes",
    "timesOccurred" : 0,
    "outputs" : [ {
      "valueAlternatives" : [ {
        "type" : "text",
        "text" : "<b>SKIMMING</b><br><br>Skimming is reading quickly to gain a general idea. Skimming may allow you to ‘read’ up to 1000 words a minute."
      } ]
    }, {
      "valueAlternatives" : [ {
        "type" : "text",
        "text" : "Skimming helps you identify whether or not to continue reading, what to read carefully, and where the best place is to begin. Skimming an academic text immediately before you read it carefully can help you consider what you already know and can help you develop a purpose for reading. An initial skim can also help maximise your interest in the text and your understanding and reflection on the material."
      } ]
    }, {
      "valueAlternatives" : [ {
        "type" : "text",
        "text" : "As with scanning, skimming does not involve reading every word. Instead, you may skim by reading: <br><br><ul><li>titles</li><li>subheadings<li></li>words in that are in <b>bold</b>, in <i>italics</i> or <u>underlined</u></li><li>diagrams</li><li>a report’s abstract, introduction or conclusion</li><li>the first sentence of every paragraph</li><li>chapter questions</li><li> chapter objectives</li><li>chapter summaries</ul>"
      } ]
    }, {
      "valueAlternatives" : [ {
        "type" : "text",
        "text" : "I hope you will apply this technique?"
      } ]
    } ],
    "quickReplies" : [ {
      "value" : "Sure, I will",
      "expressions" : "confirmation(yes)",
      "default" : false
    }, {
      "value" : "Undecided yet",
      "expressions" : "confirmation(no)",
      "default" : false
    } ]
  }, {
    "action" : "reading_strategy_seventh_no",
    "timesOccurred" : 0,
    "outputs" : [ {
      "valueAlternatives" : [ {
        "type" : "text",
        "text" : "There isn't another better method apart from this 😕"
      } ]
    }, {
      "valueAlternatives" : [ {
        "type" : "text",
        "text" : "<b>NOTE-TAKING</b>"
      } ]
    }, {
      "valueAlternatives" : [ {
        "type" : "text",
        "text" : "If you don’t take notes well, or don’t take them at all, now is the time to develop this essential skill! Note-taking can help you gain deeper understanding and reflection, a better ability to remember and good exam preparation materials for later."
      } ]
    }, {
      "valueAlternatives" : [ {
        "type" : "text",
        "text" : "<b>When taking notes, keep in mind the following 7 principles:</b><br><br><ol><li> Record publication details</li><li>Preview the text before you take notes</li><li> Maintain a central place for your notes.</li><li> Note your thoughts</li><li>Be creative</li><li> Review your notes</li></ol>"
      } ]
    }, {
      "valueAlternatives" : [ {
        "type" : "text",
        "text" : "I've got an interesting fact for you, do you wish to check it out?"
      } ]
    } ],
    "quickReplies" : [ {
      "value" : "Would love to",
      "expressions" : "confirmation(yes)",
      "default" : false
    }, {
      "value" : "Nay, thank you!",
      "expressions" : "confirmation(no)",
      "default" : false
    } ]
  }, {
    "action" : "reading_strategy_seventh_yes",
    "timesOccurred" : 0,
    "outputs" : [ {
      "valueAlternatives" : [ {
        "type" : "text",
        "text" : "I think you are the smart type.  <br> <video height='180px' width='180px' controls='0' loop='loop' autoplay='autoplay' name='media'><source src='https://berlinebot.000webhostapp.com/projects/Gifs/VID-20190704-WA0017.mp4' type='video/mp4'></video>"
      } ]
    }, {
      "valueAlternatives" : [ {
        "type" : "text",
        "text" : "<b>NOTE-TAKING</b>"
      } ]
    }, {
      "valueAlternatives" : [ {
        "type" : "text",
        "text" : "If you don’t take notes well, or don’t take them at all, now is the time to develop this essential skill! Note-taking can help you gain deeper understanding and reflection, a better ability to remember and good exam preparation materials for later."
      } ]
    }, {
      "valueAlternatives" : [ {
        "type" : "text",
        "text" : "<b>When taking notes, keep in mind the following 7 principles:</b><br><br><ol><li> Record publication details</li><li>Preview the text before you take notes</li><li> Maintain a central place for your notes.</li><li> Note your thoughts</li><li>Be creative</li><li> Review your notes</li></ol>"
      } ]
    }, {
      "valueAlternatives" : [ {
        "type" : "text",
        "text" : "I've got an interesting fact for you, do you wish to check it out?"
      } ]
    } ],
    "quickReplies" : [ {
      "value" : "Would love to",
      "expressions" : "confirmation(yes)",
      "default" : false
    }, {
      "value" : "Nay, thank you!",
      "expressions" : "confirmation(no)",
      "default" : false
    } ]
  }, {
    "action" : "reading_strategy_sixth_no",
    "timesOccurred" : 0,
    "outputs" : [ {
      "valueAlternatives" : [ {
        "type" : "text",
        "text" : "You seem not to be a good student [[${properties.name}]] 😔"
      } ]
    }, {
      "valueAlternatives" : [ {
        "type" : "text",
        "text" : "<b>MARKING THE TEXT</b>"
      } ]
    }, {
      "valueAlternatives" : [ {
        "type" : "text",
        "text" : "There are a variety of memory techniques that can make remembering and learning easier.<br><ol><li> Try associating the things you have to remember with landmarks on a familiar route. E.g. glucose is on the book shelf, insulin is on the window sill, adrenalin is in the kitchen cup-board etc.</li><li>Create and use existing acronyms, e.g. MMSB (Madrid, Malaga, Seville, Barcelona).</li><li> Remembering a number sequence is easier if you split the sequence up into shorter sequences each of which has an interesting or meaningful association. E.g. 23485507: 23 was the age when I moved away from home, 48 is my neighbour's door number, 55 is my dad's birth year, 07 is my sister's birth month. Or try setting the numbers to a familiar song or jin-gle.</li><li>Repeat what you need to learn out loud. This will strengthen your memory.</li></ol> "
      } ]
    }, {
      "valueAlternatives" : [ {
        "type" : "text",
        "text" : "If the text you are reading is your own copy, you could also underline key words, highlight with a marker, or make notes in margins, or alternatively, if you don’t own the text, you could use little ‘post-it’ labels."
      } ]
    }, {
      "valueAlternatives" : [ {
        "type" : "text",
        "text" : "<br><br>This process of marking texts can help you concentrate (and keep reading!) and can help you identify key points and make the book easier to survey later when you need to use it again for your assignment or to revise for an exam and also revise effectively later."
      } ]
    }, {
      "valueAlternatives" : [ {
        "type" : "text",
        "text" : "Cool trick, isn't it?"
      } ]
    } ],
    "quickReplies" : [ {
      "value" : "Remarkable!",
      "expressions" : "confirmation(yes)",
      "default" : false
    }, {
      "value" : "Disagreed",
      "expressions" : "confirmation(no)",
      "default" : false
    } ]
  }, {
    "action" : "reading_strategy_sixth_yes",
    "timesOccurred" : 0,
    "outputs" : [ {
      "valueAlternatives" : [ {
        "type" : "text",
        "text" : "You  seem to be a good student [[${properties.name}]] 😊 <br> <video height='180px' width='180px' controls='0' loop='loop' autoplay='autoplay' name='media'><source src='https://berlinebot.000webhostapp.com/projects/Gifs/VID-20190704-WA0013.mp4' type='video/mp4'></video>"
      } ]
    }, {
      "valueAlternatives" : [ {
        "type" : "text",
        "text" : "<b>MARKING THE TEXT</b>"
      } ]
    }, {
      "valueAlternatives" : [ {
        "type" : "text",
        "text" : "There are a variety of memory techniques that can make remembering and learning easier.<br><ol><li> Try associating the things you have to remember with landmarks on a familiar route. E.g. glucose is on the book shelf, insulin is on the window sill, adrenalin is in the kitchen cup-board etc.</li><li>Create and use existing acronyms, e.g. MMSB (Madrid, Malaga, Seville, Barcelona).</li><li> Remembering a number sequence is easier if you split the sequence up into shorter sequences each of which has an interesting or meaningful association. E.g. 23485507: 23 was the age when I moved away from home, 48 is my neighbour's door number, 55 is my dad's birth year, 07 is my sister's birth month. Or try setting the numbers to a familiar song or jin-gle.</li><li>Repeat what you need to learn out loud. This will strengthen your memory.</li></ol> "
      } ]
    }, {
      "valueAlternatives" : [ {
        "type" : "text",
        "text" : "If the text you are reading is your own copy, you could also underline key words, highlight with a marker, or make notes in margins, or alternatively, if you don’t own the text, you could use little ‘post-it’ labels."
      } ]
    }, {
      "valueAlternatives" : [ {
        "type" : "text",
        "text" : "<br><br>This process of marking texts can help you concentrate (and keep reading!) and can help you identify key points and make the book easier to survey later when you need to use it again for your assignment or to revise for an exam and also revise effectively later."
      } ]
    }, {
      "valueAlternatives" : [ {
        "type" : "text",
        "text" : "Cool trick, isn't it?"
      } ]
    } ],
    "quickReplies" : [ {
      "value" : "Remarkable!",
      "expressions" : "confirmation(yes)",
      "default" : false
    }, {
      "value" : "Disagreed",
      "expressions" : "confirmation(no)",
      "default" : false
    } ]
  }, {
    "action" : "reading_strategy_third_no",
    "timesOccurred" : 0,
    "outputs" : [ {
      "valueAlternatives" : [ {
        "type" : "text",
        "text" : "I wish you do make a decision soon."
      } ]
    }, {
      "valueAlternatives" : [ {
        "type" : "text",
        "text" : "<b>INFORMATION WORDS</b>"
      } ]
    }, {
      "valueAlternatives" : [ {
        "type" : "text",
        "text" : "There will be times when you need to do more than skim a text in the way described above, but still need to read quickly. This may require ability to conduct “surface reading”."
      } ]
    }, {
      "valueAlternatives" : [ {
        "type" : "text",
        "text" : "It is worth remembering that no more than 50% of the words in an average textbook are “information” words. The other words are like glue and paint: they are there to provide connections and add interest, but are not essential for meaning. If you concentrate on information words, you can read faster and with better comprehension."
      } ]
    }, {
      "valueAlternatives" : [ {
        "type" : "text",
        "text" : "But, how do you learn to pick out the important information words? A large part of the trick involves paying attention to what the author is trying to say. Look for the message, and the information words will emerge naturally."
      } ]
    }, {
      "valueAlternatives" : [ {
        "type" : "text",
        "text" : "Got it? 😌"
      } ]
    } ],
    "quickReplies" : [ {
      "value" : "Definitely!",
      "expressions" : "confirmation(yes)",
      "default" : false
    }, {
      "value" : "Uhmmm... Not clear! 😐",
      "expressions" : "confirmation(no)",
      "default" : false
    } ]
  }, {
    "action" : "reading_strategy_third_yes",
    "timesOccurred" : 0,
    "outputs" : [ {
      "valueAlternatives" : [ {
        "type" : "text",
        "text" : "Great decision 👊"
      } ]
    }, {
      "valueAlternatives" : [ {
        "type" : "text",
        "text" : "<b>INFORMATION WORDS</b>"
      } ]
    }, {
      "valueAlternatives" : [ {
        "type" : "text",
        "text" : "There will be times when you need to do more than skim a text in the way described above, but still need to read quickly. This may require ability to conduct “surface reading”."
      } ]
    }, {
      "valueAlternatives" : [ {
        "type" : "text",
        "text" : "It is worth remembering that no more than 50% of the words in an average textbook are “information” words. The other words are like glue and paint: they are there to provide connections and add interest, but are not essential for meaning. If you concentrate on information words, you can read faster and with better comprehension."
      } ]
    }, {
      "valueAlternatives" : [ {
        "type" : "text",
        "text" : "But, how do you learn to pick out the important information words? A large part of the trick involves paying attention to what the author is trying to say. Look for the message, and the information words will emerge naturally."
      } ]
    }, {
      "valueAlternatives" : [ {
        "type" : "text",
        "text" : "Got it? 😌"
      } ]
    } ],
    "quickReplies" : [ {
      "value" : "Definitely!",
      "expressions" : "confirmation(yes)",
      "default" : false
    }, {
      "value" : "Uhmmm... Not clear! 😐",
      "expressions" : "confirmation(no)",
      "default" : false
    } ]
  }, {
    "action" : "reading_yes",
    "timesOccurred" : 0,
    "outputs" : [ {
      "valueAlternatives" : [ {
        "type" : "text",
        "text" : "Here you go; Reading Skills!"
      } ]
    }, {
      "valueAlternatives" : [ {
        "type" : "text",
        "text" : "<b>MANAGING VOCABULARY</b><br><br>Even if you are a native English speaker, you may at times feel overwhelmed by the amount of unfamiliar vocabulary you encounter. Of course, as a university student, you have a great opportunity and need to build you vocabulary (discipline specific and general), so consult glossaries and use a dictionary."
      } ]
    }, {
      "valueAlternatives" : [ {
        "type" : "text",
        "text" : "Keep a list of new words: record their definitions and write example sentences which show meaning and usage."
      } ]
    }, {
      "valueAlternatives" : [ {
        "type" : "text",
        "text" : "When using your dictionary, be discerning. Know which words can be ignored, and see if it is possible to guess the meanings of words."
      } ]
    }, {
      "valueAlternatives" : [ {
        "type" : "text",
        "text" : "Wanna read more?"
      } ]
    } ],
    "quickReplies" : [ {
      "value" : "Sure, tell me more",
      "expressions" : "confirmation(yes)",
      "default" : false
    }, {
      "value" : "Not at all",
      "expressions" : "confirmation(no)",
      "default" : false
    } ]
  }, {
    "action" : "supposed_learning_no",
    "timesOccurred" : 0,
    "outputs" : [ {
      "valueAlternatives" : [ {
        "type" : "text",
        "text" : " Why would you visit if you don't want to learn? Keep calm and learn 😊"
      } ]
    }, {
      "valueAlternatives" : [ {
        "type" : "text",
        "text" : "Learning is a skill and it can be improved. Everyone has the opportunity to develop their memory and learning ability. Identifying your own learning style and the methods that work for you is key. The more you use your brain the better it will work."
      } ]
    }, {
      "valueAlternatives" : [ {
        "type" : "text",
        "text" : "Learning something new always takes commitment and self discipline as well as conscious practice. Your conception of what learning is and your motivation to study will determine your success. You have to want to solve a problem even if it is demanding."
      } ]
    }, {
      "valueAlternatives" : [ {
        "type" : "text",
        "text" : "You have to clarify for yourself why studying is worthwhile and what are you aiming for in your studies. Learning only happens as a direct result of your own efforts.<br><br><b>Connect what you are trying to learn to knowledge you already have.</b><br>Processing information and learning something new go hand in hand. New information will remain in your memory if it is in some way significant to you. Learning gets easier the more knowledge you have to which new information can be connected."
      } ]
    }, {
      "valueAlternatives" : [ {
        "type" : "text",
        "text" : "Want to dive into the <b>Learning Tips</b>?"
      } ]
    } ],
    "quickReplies" : [ {
      "value" : "Sure, I'm in",
      "expressions" : "confirmation(yes)",
      "default" : false
    }, {
      "value" : "Nay, I'm not interested",
      "expressions" : "confirmation(no)",
      "default" : false
    } ]
  }, {
    "action" : "supposed_learning_yes",
    "timesOccurred" : 0,
    "outputs" : [ {
      "valueAlternatives" : [ {
        "type" : "text",
        "text" : "Glad you are still following! 😂"
      } ]
    }, {
      "valueAlternatives" : [ {
        "type" : "text",
        "text" : "Learning is a skill and it can be improved. Everyone has the opportunity to develop their memory and learning ability. Identifying your own learning style and the methods that work for you is key. The more you use your brain the better it will work."
      } ]
    }, {
      "valueAlternatives" : [ {
        "type" : "text",
        "text" : "Learning something new always takes commitment and self discipline as well as conscious practice. Your conception of what learning is and your motivation to study will determine your success. You have to want to solve a problem even if it is demanding."
      } ]
    }, {
      "valueAlternatives" : [ {
        "type" : "text",
        "text" : "You have to clarify for yourself why studying is worthwhile and what are you aiming for in your studies. Learning only happens as a direct result of your own efforts.<br><br><b>Connect what you are trying to learn to knowledge you already have.</b><br>Processing information and learning something new go hand in hand. New information will remain in your memory if it is in some way significant to you. Learning gets easier the more knowledge you have to which new information can be connected."
      } ]
    }, {
      "valueAlternatives" : [ {
        "type" : "text",
        "text" : "Want to dive into the <b>Learning Tips</b>?"
      } ]
    } ],
    "quickReplies" : [ {
      "value" : "Sure, I'm in",
      "expressions" : "confirmation(yes)",
      "default" : false
    }, {
      "value" : "Nay, I'm not interested",
      "expressions" : "confirmation(no)",
      "default" : false
    } ]
  }, {
    "action" : "supposed_reading_no",
    "timesOccurred" : 0,
    "outputs" : [ {
      "valueAlternatives" : [ {
        "type" : "text",
        "text" : " Why would you visit if you don't want to read? Keep calm and read 😊"
      } ]
    }, {
      "valueAlternatives" : [ {
        "type" : "text",
        "text" : "Reading is a skill and it can be improved. Everyone has the opportunity to develop their memory and reading ability. Identifying your own reading style and the methods that work for you is key. The more you use your brain the better it will work."
      } ]
    }, {
      "valueAlternatives" : [ {
        "type" : "text",
        "text" : "Reading something new always takes commitment and self discipline as well as conscious practice. Your conception of what reading is and your motivation to study will determine your success. You have to want to solve a problem even if it is demanding."
      } ]
    }, {
      "valueAlternatives" : [ {
        "type" : "text",
        "text" : "You have to clarify for yourself why studying is worthwhile and what are you aiming for in your studies. Reading only happens as a direct result of your own efforts."
      } ]
    }, {
      "valueAlternatives" : [ {
        "type" : "text",
        "text" : "<b>Connect what you are trying to read to knowledge you already have.</b><br>Processing information and reading something new go hand in hand. New information will remain in your memory if it is in some way significant to you. Reading gets easier the more knowledge you have to which new information can be connected."
      } ]
    }, {
      "valueAlternatives" : [ {
        "type" : "text",
        "text" : "Want to dive into the <b>Reading Tips</b>?"
      } ]
    } ],
    "quickReplies" : [ {
      "value" : "Sure, I'm in",
      "expressions" : "confirmation(yes)",
      "default" : false
    }, {
      "value" : "Nay, I'm not interested",
      "expressions" : "confirmation(no)",
      "default" : false
    } ]
  }, {
    "action" : "supposed_reading_yes",
    "timesOccurred" : 0,
    "outputs" : [ {
      "valueAlternatives" : [ {
        "type" : "text",
        "text" : "Glad you are still following! 😂"
      } ]
    }, {
      "valueAlternatives" : [ {
        "type" : "text",
        "text" : "Reading is a skill and it can be improved. Everyone has the opportunity to develop their memory and reading ability. Identifying your own reading style and the methods that work for you is key. The more you use your brain the better it will work."
      } ]
    }, {
      "valueAlternatives" : [ {
        "type" : "text",
        "text" : "Reading something new always takes commitment and self discipline as well as conscious practice. Your conception of what reading is and your motivation to study will determine your success. You have to want to solve a problem even if it is demanding."
      } ]
    }, {
      "valueAlternatives" : [ {
        "type" : "text",
        "text" : "You have to clarify for yourself why studying is worthwhile and what are you aiming for in your studies. Reading only happens as a direct result of your own efforts."
      } ]
    }, {
      "valueAlternatives" : [ {
        "type" : "text",
        "text" : "<b>Connect what you are trying to read to knowledge you already have.</b><br>Processing information and reading something new go hand in hand. New information will remain in your memory if it is in some way significant to you. Reading gets easier the more knowledge you have to which new information can be connected."
      } ]
    }, {
      "valueAlternatives" : [ {
        "type" : "text",
        "text" : "Want to dive into the <b>Reading Tips</b>?"
      } ]
    } ],
    "quickReplies" : [ {
      "value" : "Sure, I'm in",
      "expressions" : "confirmation(yes)",
      "default" : false
    }, {
      "value" : "Nay, I'm not interested",
      "expressions" : "confirmation(no)",
      "default" : false
    } ]
  }, {
    "action" : "welcome",
    "timesOccurred" : 0,
    "outputs" : [ {
      "valueAlternatives" : [ {
        "type" : "text",
        "text" : "Hi, I'm Ella, I'm your virtual teacher."
      } ]
    }, {
      "valueAlternatives" : [ {
        "type" : "text",
        "text" : "Might I know your name?"
      } ]
    } ],
    "quickReplies" : [ ]
  } ]
}