{
  "setOnActions" : [ {
    "actions" : [ "ask_for_bot_prompt" ],
    "setProperties" : [ {
      "name" : "botName",
      "valueString" : "[[${memory.current.input}]]",
      "scope" : "conversation",
      "fromObjectPath" : "",
      "toObjectPath" : "",
      "convertToObject" : false,
      "override" : true,
      "runOnValidationError" : false
    } ]
  }, {
    "actions" : [ "ask_for_bot_intro" ],
    "setProperties" : [ {
      "name" : "prompt",
      "valueString" : "[[${memory.current.input}]]",
      "scope" : "conversation",
      "fromObjectPath" : "",
      "toObjectPath" : "",
      "convertToObject" : false,
      "override" : true,
      "runOnValidationError" : false
    } ]
  }, {
    "actions" : [ "ask_for_llm_use" ],
    "setProperties" : [ {
      "name" : "intro",
      "valueString" : "[[${memory.current.input}]]",
      "scope" : "conversation",
      "fromObjectPath" : "",
      "toObjectPath" : "",
      "convertToObject" : false,
      "override" : true,
      "runOnValidationError" : false
    } ]
  } ]
}