{
  "outputSet" : [ {
    "action" : "tell_a_joke",
    "timesOccurred" : 0,
    "outputs" : [ {
      "valueAlternatives" : [ {
        "type" : "text",
        "text" : "The early bird might get the worm, but the second mouse gets the cheese. 😆"
      }, {
        "type" : "text",
        "text" : "Knowledge is knowing a tomato is a fruit; Wisdom is not putting it in a fruit salad. 😆"
      }, {
        "type" : "text",
        "text" : "There are only 10 types of people in the world: those that understand binary and those that don’t. 😆"
      }, {
        "type" : "text",
        "text" : "CAPS LOCK – Preventing Login Since 1980 😆"
      }, {
        "type" : "text",
        "text" : "My software never has bugs. It just develops random features. 😆"
      } ]
    } ],
    "quickReplies" : [ ]
  } ]
}