{
  "packageExtensions" : [ {
    "type" : "eddi://ai.labs.parser",
    "extensions" : {
      "dictionaries" : [ {
        "type" : "eddi://ai.labs.parser.dictionaries.regular",
        "config" : {
          "uri" : "eddi://ai.labs.regulardictionary/regulardictionarystore/regulardictionaries/6298ed49e5d2b26def8669e3?version=1"
        }
      } ]
    },
    "config" : { }
  }, {
    "type" : "eddi://ai.labs.behavior",
    "extensions" : { },
    "config" : {
      "uri" : "eddi://ai.labs.behavior/behaviorstore/behaviorsets/6298ed49e5d2b26def8669e4?version=1"
    }
  }, {
    "type" : "eddi://ai.labs.output",
    "extensions" : { },
    "config" : {
      "uri" : "eddi://ai.labs.output/outputstore/outputsets/6298ed49e5d2b26def8669e5?version=1"
    }
  } ]
}