{
  "behaviorGroups" : [ {
    "name" : "Default",
    "behaviorRules" : [ {
      "name" : "Show Global Menu",
      "actions" : [ "global_menu" ],
      "children" : [ {
        "type" : "negation",
        "values" : { },
        "children" : [ {
          "type" : "inputmatcher",
          "values" : {
            "expressions" : "*",
            "occurrence" : "currentStep"
          },
          "children" : [ ]
        } ]
      }, {
        "type" : "negation",
        "values" : { },
        "children" : [ {
          "type" : "contextmatcher",
          "values" : {
            "contextKey" : "onboardingOfUser",
            "contextType" : "string",
            "string" : "true"
          },
          "children" : [ ]
        } ]
      } ]
    } ]
  }, {
    "name" : "",
    "behaviorRules" : [ {
      "name" : "Ask for City",
      "actions" : [ "ask_for_city" ],
      "children" : [ {
        "type" : "inputmatcher",
        "values" : {
          "expressions" : "trigger(current_weather)"
        },
        "children" : [ ]
      } ]
    }, {
      "name" : "Current Weather in City",
      "actions" : [ "current_weather_in_city" ],
      "children" : [ {
        "type" : "inputmatcher",
        "values" : {
          "expressions" : "trigger(current_weather)",
          "occurrence" : "lastStep"
        },
        "children" : [ ]
      } ]
    } ]
  } ]
}