{
  "outputSet" : [ {
    "action" : "ask_for_city",
    "timesOccurred" : 0,
    "outputs" : [ {
      "type" : "text",
      "valueAlternatives" : [ "Which City would you like to know the weather of?" ]
    } ],
    "quickReplies" : [ ]
  }, {
    "action" : "current_weather_in_city",
    "timesOccurred" : 0,
    "outputs" : [ {
      "type" : "text",
      "valueAlternatives" : [ "The current weather situation of [[${properties.city}]] is [[${properties.currentWeather.weather[0].description}]] at [[${properties.currentWeather.main.temp}]] °C" ]
    } ],
    "quickReplies" : [ ]
  }, {
    "action" : "global_menu",
    "timesOccurred" : 0,
    "outputs" : [ {
      "type" : "text",
      "valueAlternatives" : [ "What do you want to do?" ]
    } ],
    "quickReplies" : [ {
      "value" : "Get info about weather",
      "expressions" : "trigger(current_weather)"
    } ]
  } ]
}