{
  "outputSet" : [ {
    "action" : "ask_client_details",
    "timesOccurred" : 0,
    "outputs" : [ {
      "type" : "text",
      "valueAlternatives" : [ "Hi ich bin STEN!" ]
    }, {
      "type" : "text",
      "valueAlternatives" : [ "Kann ich dir sagen.. zuvor brauche ich aber noch ein paar Infos von dir!" ]
    }, {
      "type" : "text",
      "valueAlternatives" : [ "Wie heißt du?" ]
    } ],
    "quickReplies" : [ ]
  }, {
    "action" : "ask_client_details",
    "timesOccurred" : 1,
    "outputs" : [ {
      "type" : "text",
      "valueAlternatives" : [ "Wann bist du geboren?" ]
    } ],
    "quickReplies" : [ ]
  }, {
    "action" : "ask_client_details",
    "timesOccurred" : 2,
    "outputs" : [ {
      "type" : "text",
      "valueAlternatives" : [ "Wie lautet dein Kundenkennwort?" ]
    } ],
    "quickReplies" : [ ]
  }, {
    "action" : "ask_client_details",
    "timesOccurred" : 3,
    "outputs" : [ {
      "type" : "text",
      "valueAlternatives" : [ "Vielen Dank Katharina!" ]
    }, {
      "type" : "text",
      "valueAlternatives" : [ "Du hast auf deinem Bausparer mit der Nummer 123456789: 203,00 EUR" ]
    }, {
      "type" : "text",
      "valueAlternatives" : [ "Ich hoffe, ich konnte dir behilflich sein! Bis zum nächsten Mal!" ]
    }, {
      "type" : "text",
      "valueAlternatives" : [ "Dein STEN." ]
    } ],
    "quickReplies" : [ ]
  }, {
    "action" : "unknown",
    "timesOccurred" : 0,
    "outputs" : [ {
      "type" : "text",
      "valueAlternatives" : [ "Tut mir Leid, aber darauf habe ich im Moment keine Antwort!", "Das kann ich leider nicht beantworten!" ]
    } ],
    "quickReplies" : [ ]
  } ]
}