{
  "behaviorGroups" : [ {
    "name" : "Bausparen",
    "behaviorRules" : [ {
      "name" : "Ask_Client_Details",
      "actions" : [ "ask_client_details" ],
      "children" : [ {
        "type" : "connector",
        "values" : {
          "operator" : "OR"
        },
        "children" : [ {
          "type" : "inputmatcher",
          "values" : {
            "expressions" : "trigger(how_much_bausparvertrag)",
            "occurrence" : "currentStep"
          },
          "children" : [ ]
        }, {
          "type" : "connector",
          "values" : {
            "operator" : "AND"
          },
          "children" : [ {
            "type" : "inputmatcher",
            "values" : {
              "expressions" : "trigger(how_much_bausparvertrag)",
              "occurrence" : "anyStep"
            },
            "children" : [ ]
          }, {
            "type" : "occurrence",
            "values" : {
              "behaviorRuleName" : "Ask_Client_Details",
              "maxTimesOccurred" : "3"
            },
            "children" : [ ]
          } ]
        } ]
      } ]
    } ]
  }, {
    "name" : "Conversation_End",
    "behaviorRules" : [ {
      "name" : "Ending_Conversation",
      "actions" : [ "CONVERSATION_END" ],
      "children" : [ {
        "type" : "occurrence",
        "values" : {
          "behaviorRuleName" : "Ask_Client_Details",
          "minTimesOccurred" : "3"
        },
        "children" : [ ]
      } ]
    } ]
  }, {
    "name" : "Unknown",
    "behaviorRules" : [ {
      "name" : "Unknown",
      "actions" : [ "unknown" ],
      "children" : [ {
        "type" : "inputmatcher",
        "values" : {
          "expressions" : "unknown(*)",
          "occurrence" : "currentStep"
        },
        "children" : [ ]
      }, {
        "type" : "negation",
        "values" : { },
        "children" : [ {
          "type" : "dependency",
          "values" : {
            "reference" : "Ask_Client_Details"
          },
          "children" : [ ]
        } ]
      } ]
    } ]
  } ]
}