{
  "packageExtensions" : [ {
    "type" : "eddi://ai.labs.parser",
    "extensions" : {
      "normalizers" : [ {
        "type" : "eddi://ai.labs.parser.normalizers.punctuation",
        "config" : {
          "removePunctuation" : true
        }
      }, {
        "type" : "eddi://ai.labs.parser.normalizers.specialCharacter"
      }, {
        "type" : "eddi://ai.labs.parser.normalizers.contractedWords"
      }, {
        "type" : "eddi://ai.labs.parser.normalizers.allowedCharacter"
      } ],
      "dictionaries" : [ {
        "type" : "eddi://ai.labs.parser.dictionaries.regular",
        "config" : {
          "uri" : "eddi://ai.labs.regulardictionary/regulardictionarystore/regulardictionaries/5ab88ee91477ea057c4b20e8?version=1"
        }
      } ],
      "corrections" : [ {
        "type" : "eddi://ai.labs.parser.corrections.stemming",
        "config" : {
          "language" : "german",
          "lookupIfKnown" : "false"
        }
      }, {
        "type" : "eddi://ai.labs.parser.corrections.levenshtein",
        "config" : {
          "distance" : "2",
          "lookupIfKnown" : "false"
        }
      }, {
        "type" : "eddi://ai.labs.parser.corrections.mergedTerms",
        "config" : {
          "lookupIfKnown" : "false"
        }
      } ]
    },
    "config" : { }
  }, {
    "type" : "eddi://ai.labs.behavior",
    "extensions" : { },
    "config" : {
      "uri" : "eddi://ai.labs.behavior/behaviorstore/behaviorsets/5ab88f091477ea057c4b20e9?version=1"
    }
  }, {
    "type" : "eddi://ai.labs.output",
    "extensions" : { },
    "config" : {
      "uri" : "eddi://ai.labs.output/outputstore/outputsets/5ab88f241477ea057c4b20ea?version=1"
    }
  } ]
}