{
  "packageExtensions" : [ {
    "type" : "eddi://ai.labs.parser",
    "extensions" : {
      "dictionaries" : [ ]
    },
    "config" : { }
  }, {
    "type" : "eddi://ai.labs.behavior",
    "extensions" : { },
    "config" : {
      "uri" : "eddi://ai.labs.behavior/behaviorstore/behaviorsets/66467a8cad0af3741e2c007b?version=1"
    }
  }, {
    "type" : "eddi://ai.labs.property",
    "extensions" : { },
    "config" : {
      "uri" : "eddi://ai.labs.property/propertysetterstore/propertysetters/66467a8cad0af3741e2c007c?version=1"
    }
  }, {
    "type" : "eddi://ai.labs.output",
    "extensions" : { },
    "config" : {
      "uri" : "eddi://ai.labs.output/outputstore/outputsets/66467a8cad0af3741e2c007d?version=1"
    }
  } ]
}