{
  "expressionsAsActions" : true,
  "behaviorGroups" : [ {
    "behaviorRules" : [ {
      "name" : "Ask for Purpose",
      "actions" : [ "ask_for_bot_purpose" ],
      "conditions" : [ {
        "type" : "actionmatcher",
        "configs" : {
          "actions" : "ask_for_bot_name",
          "occurrence" : "lastStep"
        }
      } ]
    }, {
      "name" : "Ask for intro text",
      "actions" : [ "ask_for_bot_intro_text" ],
      "conditions" : [ {
        "type" : "actionmatcher",
        "configs" : {
          "actions" : "ask_for_bot_purpose",
          "occurrence" : "lastStep"
        }
      } ]
    }, {
      "name" : "Ask for api key",
      "actions" : [ "ask_for_api_key" ],
      "conditions" : [ {
        "type" : "actionmatcher",
        "configs" : {
          "actions" : "ask_for_bot_intro_text",
          "occurrence" : "lastStep"
        }
      } ]
    }, {
      "name" : "Ask for bot creation confirmation",
      "actions" : [ "ask_for_bot_creation_confirmation" ],
      "conditions" : [ {
        "type" : "actionmatcher",
        "configs" : {
          "actions" : "ask_for_api_key",
          "occurrence" : "lastStep"
        }
      } ]
    }, {
      "name" : "Create bot",
      "actions" : [ "create_properties", "create_behavior_rules", "create_http_calls", "create_output", "create_package", "create_bot", "deploy_bot" ],
      "conditions" : [ {
        "type" : "inputmatcher",
        "configs" : {
          "expressions" : "orchestrate_create_bot"
        }
      } ]
    } ]
  } ]
}