{
  "setOnActions" : [ {
    "actions" : [ "CONVERSATION_START" ],
    "setProperties" : [ {
      "name" : "chatGptApi",
      "valueString" : "https://api.openai.com/v1/chat/completions",
      "scope" : "conversation",
      "fromObjectPath" : "",
      "toObjectPath" : "",
      "override" : true,
      "runOnValidationError" : false
    } ]
  }, {
    "actions" : [ "ask_for_bot_purpose" ],
    "setProperties" : [ {
      "name" : "botName",
      "valueString" : "[[${memory.current.input}]]",
      "scope" : "conversation",
      "fromObjectPath" : "",
      "toObjectPath" : "",
      "override" : true,
      "runOnValidationError" : false
    } ]
  }, {
    "actions" : [ "ask_for_bot_intro_text" ],
    "setProperties" : [ {
      "name" : "botPurpose",
      "valueString" : "[[${memory.current.input}]]",
      "scope" : "conversation",
      "fromObjectPath" : "",
      "toObjectPath" : "",
      "override" : true,
      "runOnValidationError" : false
    } ]
  }, {
    "actions" : [ "ask_for_api_key" ],
    "setProperties" : [ {
      "name" : "chatGptIntroPrompt",
      "valueString" : "[[${memory.current.input}]]",
      "scope" : "conversation",
      "fromObjectPath" : "",
      "toObjectPath" : "",
      "override" : true,
      "runOnValidationError" : false
    } ]
  }, {
    "actions" : [ "ask_for_bot_creation_confirmation" ],
    "setProperties" : [ {
      "name" : "chatGptToken",
      "valueString" : "[[${memory.current.input}]]",
      "scope" : "conversation",
      "fromObjectPath" : "",
      "toObjectPath" : "",
      "override" : true,
      "runOnValidationError" : false
    } ]
  } ]
}