{
  "packageExtensions" : [ {
    "type" : "eddi://ai.labs.parser",
    "extensions" : {
      "dictionaries" : [ ]
    },
    "config" : { }
  }, {
    "type" : "eddi://ai.labs.behavior",
    "extensions" : { },
    "config" : {
      "uri" : "eddi://ai.labs.behavior/behaviorstore/behaviorsets/6740832b2b0f614abcaee7b7?version=1"
    }
  }, {
    "type" : "eddi://ai.labs.property",
    "extensions" : { },
    "config" : {
      "uri" : "eddi://ai.labs.property/propertysetterstore/propertysetters/6740832b2b0f614abcaee7ba?version=1"
    }
  }, {
    "type" : "eddi://ai.labs.httpcalls",
    "extensions" : { },
    "config" : {
      "uri" : "eddi://ai.labs.httpcalls/httpcallsstore/httpcalls/6740832b2b0f614abcaee7b9?version=1"
    }
  }, {
    "type" : "eddi://ai.labs.behavior",
    "extensions" : { },
    "config" : {
      "uri" : "eddi://ai.labs.behavior/behaviorstore/behaviorsets/6740832b2b0f614abcaee7b8?version=1"
    }
  }, {
    "type" : "eddi://ai.labs.output",
    "extensions" : { },
    "config" : {
      "uri" : "eddi://ai.labs.output/outputstore/outputsets/6740832b2b0f614abcaee7bb?version=1"
    }
  } ]
}