{
  "expressionsAsActions" : true,
  "behaviorGroups" : [ {
    "behaviorRules" : [ {
      "name" : "Ask for api key",
      "actions" : [ "ask_for_gemini_vertex_api_key" ],
      "conditions" : [ {
        "type" : "actionmatcher",
        "configs" : {
          "actions" : "create_gemini_vertex_bot",
          "occurrence" : "currentStep"
        }
      } ]
    }, {
      "name" : "Ask for model name",
      "actions" : [ "ask_for_gemini_vertex_model_name" ],
      "conditions" : [ {
        "type" : "actionmatcher",
        "configs" : {
          "actions" : "ask_for_gemini_vertex_api_key",
          "occurrence" : "lastStep"
        }
      } ]
    }, {
      "name" : "Ask for Temperature",
      "actions" : [ "ask_for_gemini_vertex_temperature" ],
      "conditions" : [ {
        "type" : "actionmatcher",
        "configs" : {
          "actions" : "ask_for_gemini_vertex_model_name",
          "occurrence" : "lastStep"
        }
      } ]
    }, {
      "name" : "Ask for timeout",
      "actions" : [ "ask_for_gemini_vertex_timeout" ],
      "conditions" : [ {
        "type" : "actionmatcher",
        "configs" : {
          "actions" : "ask_for_gemini_vertex_temperature",
          "occurrence" : "lastStep"
        }
      } ]
    }, {
      "name" : "Ask for bot creation confirmation",
      "actions" : [ "ask_for_bot_creation_confirmation_for_gemini_vertex" ],
      "conditions" : [ {
        "type" : "actionmatcher",
        "configs" : {
          "actions" : "ask_for_gemini_vertex_timeout",
          "occurrence" : "lastStep"
        }
      } ]
    }, {
      "name" : "Create bot",
      "actions" : [ "create_properties_for_gemini_vertex", "create_behavior_rules_for_gemini_vertex", "create_langchain_gemini_vertex", "create_output_for_gemini_vertex", "create_package_for_gemini_vertex", "create_bot_for_gemini_vertex", "deploy_bot_for_gemini_vertex", "CONVERSATION_END" ],
      "conditions" : [ {
        "type" : "inputmatcher",
        "configs" : {
          "expressions" : "orchestrate_create_bot_for_gemini_vertex"
        }
      } ]
    } ]
  } ]
}