{
  "appendActions" : true,
  "behaviorGroups" : [ {
    "behaviorRules" : [ {
      "name" : "",
      "actions" : [ "confirm_bot_creation_for_gemini_vertex", "CONVERSATION_END" ],
      "conditions" : [ {
        "type" : "actionmatcher",
        "configs" : {
          "actions" : "deploy_bot_for_gemini_vertex"
        }
      }, {
        "type" : "dynamicvaluematcher",
        "configs" : {
          "valuePath" : "properties.botLocation"
        }
      } ]
    } ]
  } ]
}