{
  "behaviorGroups" : [ {
    "name" : "Intro",
    "behaviorRules" : [ {
      "name" : "Welcome",
      "actions" : [ "welcome" ],
      "conditions" : [ {
        "type" : "connector",
        "configs" : {
          "operator" : "OR"
        },
        "conditions" : [ {
          "type" : "contextmatcher",
          "configs" : {
            "contextKey" : "onboardingOfUser",
            "contextType" : "string",
            "string" : "true"
          }
        }, {
          "type" : "inputmatcher",
          "configs" : {
            "expressions" : "trigger(start_onboarding)",
            "occurrence" : "currentStep"
          }
        } ]
      } ]
    } ]
  }, {
    "name" : "Skills",
    "behaviorRules" : [ {
      "name" : "Show Skills",
      "actions" : [ "show_skills" ],
      "conditions" : [ {
        "type" : "inputmatcher",
        "configs" : {
          "expressions" : "confirmation(show_skills)",
          "occurrence" : "currentStep"
        }
      } ]
    } ]
  }, {
    "name" : "Conversation_End",
    "behaviorRules" : [ {
      "name" : "Ending_Conversation_After_Onboarding",
      "actions" : [ "end_of_onboarding", "CONVERSATION_END" ],
      "conditions" : [ {
        "type" : "connector",
        "configs" : {
          "operator" : "OR"
        },
        "conditions" : [ {
          "type" : "inputmatcher",
          "configs" : {
            "expressions" : "continue(end_of_onboarding)",
            "occurrence" : "currentStep"
          }
        }, {
          "type" : "inputmatcher",
          "configs" : {
            "expressions" : "cancel(show_skills)",
            "occurrence" : "currentStep"
          }
        } ]
      } ]
    } ]
  } ]
}