{
  "packageExtensions" : [ {
    "type" : "eddi://ai.labs.parser",
    "extensions" : { },
    "config" : { }
  }, {
    "type" : "eddi://ai.labs.behavior",
    "extensions" : { },
    "config" : {
      "uri" : "eddi://ai.labs.behavior/behaviorstore/behaviorsets/6298ed49e5d2b26def8669e7?version=1"
    }
  }, {
    "type" : "eddi://ai.labs.output",
    "extensions" : { },
    "config" : {
      "uri" : "eddi://ai.labs.output/outputstore/outputsets/6298ed49e5d2b26def8669e8?version=1"
    }
  } ]
}