{
  "packageExtensions" : [ {
    "type" : "eddi://ai.labs.parser",
    "extensions" : {
      "dictionaries" : [ {
        "type" : "eddi://ai.labs.parser.dictionaries.integer"
      }, {
        "type" : "eddi://ai.labs.parser.dictionaries.regular",
        "config" : {
          "uri" : "eddi://ai.labs.regulardictionary/regulardictionarystore/regulardictionaries/5df9f90c6318fc61748ac4c5?version=2"
        }
      } ]
    },
    "config" : { }
  }, {
    "type" : "eddi://ai.labs.behavior",
    "extensions" : { },
    "config" : {
      "uri" : "eddi://ai.labs.behavior/behaviorstore/behaviorsets/5df9f7a26318fc61748ac4bc?version=2"
    }
  }, {
    "type" : "eddi://ai.labs.output",
    "extensions" : { },
    "config" : {
      "uri" : "eddi://ai.labs.output/outputstore/outputsets/5df9f7a26318fc61748ac4bd?version=3"
    }
  }, {
    "type" : "eddi://ai.labs.property",
    "extensions" : { },
    "config" : {
      "uri" : "eddi://ai.labs.property/propertysetterstore/propertysetters/5df9f7a26318fc61748ac4be?version=1"
    }
  } ]
}