{
  "outputSet" : [ {
    "action" : "welcome",
    "timesOccurred" : 0,
    "outputs" : [ {
      "type" : "text",
      "valueAlternatives" : [ {
        "text" : "Welcome to the <b>Media Writer's Self Perception Scale</b> bot survey",
        "delay" : 1000
      } ]
    }, {
      "type" : "text",
      "valueAlternatives" : [ {
        "text" : "I will assess your writing skills by the answers you provide.",
        "delay" : 3000
      } ]
    }, {
      "type" : "text",
      "valueAlternatives" : [ {
        "text" : "Kindly click on the \"<b>Start</b>\" button to start your survey. You have 50 questions and it takes approximately 3 minutes to complete 😊",
        "delay" : 3000
      } ]
    }, {
      "type" : "text",
      "valueAlternatives" : [ {
        "text" : "Goodluck! 😉",
        "delay" : 3000
      } ]
    } ],
    "quickReplies" : [ {
      "value" : "Start",
      "expressions" : "startSurvey"
    } ]
  }, {
    "action" : "question_1",
    "timesOccurred" : 0,
    "outputs" : [ {
      "type" : "text",
      "valueAlternatives" : [ {
        "text" : "Your first question: <b>When I know I’ve got a writing assignment due, I start work right away.</br>",
        "delay" : 5000
      } ]
    } ],
    "quickReplies" : [ {
      "value" : "Not at all true of me",
      "expressions" : "property(question_1(1))"
    }, {
      "value" : "Slightly true of me",
      "expressions" : "property(question_1(2))"
    }, {
      "value" : "Moderately true of me",
      "expressions" : "property(question_1(3))"
    }, {
      "value" : "Very true of me",
      "expressions" : "property(question_1(4))"
    }, {
      "value" : "Completely true of me",
      "expressions" : "property(question_1(5))"
    } ]
  }, {
    "action" : "question_2",
    "timesOccurred" : 0,
    "outputs" : [ {
      "type" : "text",
      "valueAlternatives" : [ {
        "text" : "<b>It’s easier for me to write factual reports than to write my own ideas.</b>",
        "delay" : 5000
      } ]
    } ],
    "quickReplies" : [ {
      "value" : "Not at all true of me",
      "expressions" : "property(question_2(1))"
    }, {
      "value" : "Slightly true of me",
      "expressions" : "property(question_2(2))"
    }, {
      "value" : "Moderately true of me",
      "expressions" : "property(question_2(3))"
    }, {
      "value" : "Very true of me",
      "expressions" : "property(question_2(4))"
    }, {
      "value" : "Completely true of me",
      "expressions" : "property(question_2(5))"
    } ]
  }, {
    "action" : "question_3",
    "timesOccurred" : 0,
    "outputs" : [ {
      "type" : "text",
      "valueAlternatives" : [ {
        "text" : "<b>Having others read and evaluate my writing does not bother me.</b>",
        "delay" : 5000
      } ]
    } ],
    "quickReplies" : [ {
      "value" : "Not at all true of me",
      "expressions" : "property(question_3(1))"
    }, {
      "value" : "Slightly true of me",
      "expressions" : "property(question_3(2))"
    }, {
      "value" : "Moderately true of me",
      "expressions" : "property(question_3(3))"
    }, {
      "value" : "Very true of me",
      "expressions" : "property(question_3(4))"
    }, {
      "value" : "Completely true of me",
      "expressions" : "property(question_3(5))"
    } ]
  }, {
    "action" : "question_4",
    "timesOccurred" : 0,
    "outputs" : [ {
      "type" : "text",
      "valueAlternatives" : [ {
        "type" : "text",
        "valueAlternatives" : [ {
          "text" : "You are doing great!",
          "delay" : 3000
        } ]
      }, {
        "text" : "<b>I feel lost when it comes to grammar and punctuation.</b>",
        "delay" : 5000
      } ]
    } ],
    "quickReplies" : [ {
      "value" : "Not at all true of me",
      "expressions" : "property(question_4(1))"
    }, {
      "value" : "Slightly true of me",
      "expressions" : "property(question_4(2))"
    }, {
      "value" : "Moderately true of me",
      "expressions" : "property(question_4(3))"
    }, {
      "value" : "Very true of me",
      "expressions" : "property(question_4(4))"
    }, {
      "value" : "Completely true of me",
      "expressions" : "property(question_4(5))"
    } ]
  }, {
    "action" : "question_5",
    "timesOccurred" : 0,
    "outputs" : [ {
      "type" : "text",
      "valueAlternatives" : [ {
        "text" : "I know that was an honest reply! 😎",
        "delay" : 3000
      } ]
    }, {
      "type" : "text",
      "valueAlternatives" : [ {
        "text" : "<b>I’m a good speller.</b>",
        "delay" : 5000
      } ]
    } ],
    "quickReplies" : [ {
      "value" : "Not at all true of me",
      "expressions" : "property(question_5(1))"
    }, {
      "value" : "Slightly true of me",
      "expressions" : "property(question_5(2))"
    }, {
      "value" : "Moderately true of me",
      "expressions" : "property(question_5(3))"
    }, {
      "value" : "Very true of me",
      "expressions" : "property(question_5(4))"
    }, {
      "value" : "Completely true of me",
      "expressions" : "property(question_5(5))"
    } ]
  }, {
    "action" : "question_6",
    "timesOccurred" : 0,
    "outputs" : [ {
      "type" : "text",
      "valueAlternatives" : [ {
        "text" : "<b>I have good basic writing skills.</b>",
        "delay" : 5000
      } ]
    } ],
    "quickReplies" : [ {
      "value" : "Not at all true of me",
      "expressions" : "property(question_6(1))"
    }, {
      "value" : "Slightly true of me",
      "expressions" : "property(question_6(2))"
    }, {
      "value" : "Moderately true of me",
      "expressions" : "property(question_6(3))"
    }, {
      "value" : "Very true of me",
      "expressions" : "property(question_6(4))"
    }, {
      "value" : "Completely true of me",
      "expressions" : "property(question_6(5))"
    } ]
  }, {
    "action" : "question_7",
    "timesOccurred" : 0,
    "outputs" : [ {
      "type" : "text",
      "valueAlternatives" : [ {
        "text" : "<b>My mind seems to go blank when I start to work on a writing task.</b>",
        "delay" : 5000
      } ]
    } ],
    "quickReplies" : [ {
      "value" : "Not at all true of me",
      "expressions" : "property(question_7(1))"
    }, {
      "value" : "Slightly true of me",
      "expressions" : "property(question_7(2))"
    }, {
      "value" : "Moderately true of me",
      "expressions" : "property(question_7(3))"
    }, {
      "value" : "Very true of me",
      "expressions" : "property(question_7(4))"
    }, {
      "value" : "Completely true of me",
      "expressions" : "property(question_7(5))"
    } ]
  }, {
    "action" : "question_8",
    "timesOccurred" : 0,
    "outputs" : [ {
      "type" : "text",
      "valueAlternatives" : [ {
        "text" : "<b>I’m nervous about writing.</b>",
        "delay" : 5000
      } ]
    } ],
    "quickReplies" : [ {
      "value" : "Not at all true of me",
      "expressions" : "property(question_8(1))"
    }, {
      "value" : "Slightly true of me",
      "expressions" : "property(question_8(2))"
    }, {
      "value" : "Moderately true of me",
      "expressions" : "property(question_8(3))"
    }, {
      "value" : "Very true of me",
      "expressions" : "property(question_8(4))"
    }, {
      "value" : "Completely true of me",
      "expressions" : "property(question_8(5))"
    } ]
  }, {
    "action" : "question_9",
    "timesOccurred" : 0,
    "outputs" : [ {
      "type" : "text",
      "valueAlternatives" : [ {
        "text" : "<b>I have a terrible time organizing my ideas when I try to write.</b>",
        "delay" : 5000
      } ]
    } ],
    "quickReplies" : [ {
      "value" : "Not at all true of me",
      "expressions" : "property(question_9(1))"
    }, {
      "value" : "Slightly true of me",
      "expressions" : "property(question_9(2))"
    }, {
      "value" : "Moderately true of me",
      "expressions" : "property(question_9(3))"
    }, {
      "value" : "Very true of me",
      "expressions" : "property(question_9(4))"
    }, {
      "value" : "Completely true of me",
      "expressions" : "property(question_9(5))"
    } ]
  }, {
    "action" : "question_10",
    "timesOccurred" : 0,
    "outputs" : [ {
      "type" : "text",
      "valueAlternatives" : [ {
        "text" : "Kudos. You just have few more questions left.",
        "delay" : 1000
      } ]
    }, {
      "type" : "text",
      "valueAlternatives" : [ {
        "text" : "<b>I have a hard time choosing the right words while I write.</b>",
        "delay" : 5000
      } ]
    } ],
    "quickReplies" : [ {
      "value" : "Not at all true of me",
      "expressions" : "property(question_10(1))"
    }, {
      "value" : "Slightly true of me",
      "expressions" : "property(question_10(2))"
    }, {
      "value" : "Moderately true of me",
      "expressions" : "property(question_10(3))"
    }, {
      "value" : "Very true of me",
      "expressions" : "property(question_10(4))"
    }, {
      "value" : "Completely true of me",
      "expressions" : "property(question_10(5))"
    } ]
  }, {
    "action" : "question_11",
    "timesOccurred" : 0,
    "outputs" : [ {
      "type" : "text",
      "valueAlternatives" : [ {
        "text" : "<b>I enjoy talking about writing.</b>",
        "delay" : 5000
      } ]
    } ],
    "quickReplies" : [ {
      "value" : "Not at all true of me",
      "expressions" : "property(question_11(1))"
    }, {
      "value" : "Slightly true of me",
      "expressions" : "property(question_11(2))"
    }, {
      "value" : "Moderately true of me",
      "expressions" : "property(question_11(3))"
    }, {
      "value" : "Very true of me",
      "expressions" : "property(question_11(4))"
    }, {
      "value" : "Completely true of me",
      "expressions" : "property(question_11(5))"
    } ]
  }, {
    "action" : "question_12",
    "timesOccurred" : 0,
    "outputs" : [ {
      "type" : "text",
      "valueAlternatives" : [ {
        "text" : "😎🙂",
        "delay" : 1000
      } ]
    }, {
      "type" : "text",
      "valueAlternatives" : [ {
        "text" : "<b>I look forward to writing.</b>",
        "delay" : 5000
      } ]
    } ],
    "quickReplies" : [ {
      "value" : "Not at all true of me",
      "expressions" : "property(question_12(1))"
    }, {
      "value" : "Slightly true of me",
      "expressions" : "property(question_12(2))"
    }, {
      "value" : "Moderately true of me",
      "expressions" : "property(question_12(3))"
    }, {
      "value" : "Very true of me",
      "expressions" : "property(question_12(4))"
    }, {
      "value" : "Completely true of me",
      "expressions" : "property(question_12(5))"
    } ]
  }, {
    "action" : "question_13",
    "timesOccurred" : 0,
    "outputs" : [ {
      "type" : "text",
      "valueAlternatives" : [ {
        "text" : "<b>I practice my writing outside of class.</b>",
        "delay" : 5000
      } ]
    } ],
    "quickReplies" : [ {
      "value" : "Not at all true of me",
      "expressions" : "property(question_13(1))"
    }, {
      "value" : "Slightly true of me",
      "expressions" : "property(question_13(2))"
    }, {
      "value" : "Moderately true of me",
      "expressions" : "property(question_13(3))"
    }, {
      "value" : "Very true of me",
      "expressions" : "property(question_13(4))"
    }, {
      "value" : "Completely true of me",
      "expressions" : "property(question_13(5))"
    } ]
  }, {
    "action" : "question_14",
    "timesOccurred" : 0,
    "outputs" : [ {
      "type" : "text",
      "valueAlternatives" : [ {
        "text" : "<b>I enjoy studying words and their meanings.</b>",
        "delay" : 5000
      } ]
    } ],
    "quickReplies" : [ {
      "value" : "Not at all true of me",
      "expressions" : "property(question_14(1))"
    }, {
      "value" : "Slightly true of me",
      "expressions" : "property(question_14(2))"
    }, {
      "value" : "Moderately true of me",
      "expressions" : "property(question_14(3))"
    }, {
      "value" : "Very true of me",
      "expressions" : "property(question_14(4))"
    }, {
      "value" : "Completely true of me",
      "expressions" : "property(question_14(5))"
    } ]
  }, {
    "action" : "question_15",
    "timesOccurred" : 0,
    "outputs" : [ {
      "type" : "text",
      "valueAlternatives" : [ {
        "text" : "Okay! 😉",
        "delay" : 3000
      } ]
    }, {
      "type" : "text",
      "valueAlternatives" : [ {
        "text" : "<b>I write only when I have to.</b>",
        "delay" : 5000
      } ]
    } ],
    "quickReplies" : [ {
      "value" : "Not at all true of me",
      "expressions" : "property(question_15(1))"
    }, {
      "value" : "Slightly true of me",
      "expressions" : "property(question_15(2))"
    }, {
      "value" : "Moderately true of me",
      "expressions" : "property(question_15(3))"
    }, {
      "value" : "Very true of me",
      "expressions" : "property(question_15(4))"
    }, {
      "value" : "Completely true of me",
      "expressions" : "property(question_15(5))"
    } ]
  }, {
    "action" : "question_16",
    "timesOccurred" : 0,
    "outputs" : [ {
      "type" : "text",
      "valueAlternatives" : [ {
        "text" : "You have <b>35</b> questions left.",
        "delay" : 5000
      } ]
    }, {
      "type" : "text",
      "valueAlternatives" : [ {
        "text" : "<b>I like seeing my thoughts on paper.</b>",
        "delay" : 5000
      } ]
    } ],
    "quickReplies" : [ {
      "value" : "Not at all true of me",
      "expressions" : "property(question_16(1))"
    }, {
      "value" : "Slightly true of me",
      "expressions" : "property(question_16(2))"
    }, {
      "value" : "Moderately true of me",
      "expressions" : "property(question_16(3))"
    }, {
      "value" : "Very true of me",
      "expressions" : "property(question_16(4))"
    }, {
      "value" : "Completely true of me",
      "expressions" : "property(question_16(5))"
    } ]
  }, {
    "action" : "question_17",
    "timesOccurred" : 0,
    "outputs" : [ {
      "type" : "text",
      "valueAlternatives" : [ {
        "text" : "<b>I worry about how much time my essay or paper will take.</b>",
        "delay" : 5000
      } ]
    } ],
    "quickReplies" : [ {
      "value" : "Not at all true of me",
      "expressions" : "property(question_17(1))"
    }, {
      "value" : "Slightly true of me",
      "expressions" : "property(question_17(2))"
    }, {
      "value" : "Moderately true of me",
      "expressions" : "property(question_17(3))"
    }, {
      "value" : "Very true of me",
      "expressions" : "property(question_17(4))"
    }, {
      "value" : "Completely true of me",
      "expressions" : "property(question_17(5))"
    } ]
  }, {
    "action" : "question_18",
    "timesOccurred" : 0,
    "outputs" : [ {
      "type" : "text",
      "valueAlternatives" : [ {
        "text" : "Ok. Most people who took part of this survey gave me the same answer.",
        "delay" : 5000
      } ]
    }, {
      "type" : "text",
      "valueAlternatives" : [ {
        "text" : "<b>At times, my writing has given me deep personal satisfaction.</b>",
        "delay" : 5000
      } ]
    } ],
    "quickReplies" : [ {
      "value" : "Not at all true of me",
      "expressions" : "property(question_18(1))"
    }, {
      "value" : "Slightly true of me",
      "expressions" : "property(question_18(2))"
    }, {
      "value" : "Moderately true of me",
      "expressions" : "property(question_18(3))"
    }, {
      "value" : "Very true of me",
      "expressions" : "property(question_18(4))"
    }, {
      "value" : "Completely true of me",
      "expressions" : "property(question_18(5))"
    } ]
  }, {
    "action" : "question_19",
    "timesOccurred" : 0,
    "outputs" : [ {
      "type" : "text",
      "valueAlternatives" : [ {
        "text" : "My writing does the same to me - Seriously! 😜",
        "delay" : 3000
      } ]
    }, {
      "type" : "text",
      "valueAlternatives" : [ {
        "text" : "<b>I think about how I come across in my writing.</b>",
        "delay" : 5000
      } ]
    } ],
    "quickReplies" : [ {
      "value" : "Not at all true of me",
      "expressions" : "property(question_19(1))"
    }, {
      "value" : "Slightly true of me",
      "expressions" : "property(question_19(2))"
    }, {
      "value" : "Moderately true of me",
      "expressions" : "property(question_19(3))"
    }, {
      "value" : "Very true of me",
      "expressions" : "property(question_19(4))"
    }, {
      "value" : "Completely true of me",
      "expressions" : "property(question_19(5))"
    } ]
  }, {
    "action" : "question_20",
    "timesOccurred" : 0,
    "outputs" : [ {
      "type" : "text",
      "valueAlternatives" : [ {
        "text" : "<b>I sometimes get sudden inspirations in writing.</b>",
        "delay" : 5000
      } ]
    } ],
    "quickReplies" : [ {
      "value" : "Not at all true of me",
      "expressions" : "property(question_20(1))"
    }, {
      "value" : "Slightly true of me",
      "expressions" : "property(question_20(2))"
    }, {
      "value" : "Moderately true of me",
      "expressions" : "property(question_20(3))"
    }, {
      "value" : "Very true of me",
      "expressions" : "property(question_20(4))"
    }, {
      "value" : "Completely true of me",
      "expressions" : "property(question_20(5))"
    } ]
  }, {
    "action" : "question_21",
    "timesOccurred" : 0,
    "outputs" : [ {
      "type" : "text",
      "valueAlternatives" : [ {
        "text" : "<b>I imagine the reaction that my readers might have to my paper.</b>",
        "delay" : 5000
      } ]
    } ],
    "quickReplies" : [ {
      "value" : "Not at all true of me",
      "expressions" : "property(question_21(1))"
    }, {
      "value" : "Slightly true of me",
      "expressions" : "property(question_21(2))"
    }, {
      "value" : "Moderately true of me",
      "expressions" : "property(question_21(3))"
    }, {
      "value" : "Very true of me",
      "expressions" : "property(question_21(4))"
    }, {
      "value" : "Completely true of me",
      "expressions" : "property(question_21(5))"
    } ]
  }, {
    "action" : "question_22",
    "timesOccurred" : 0,
    "outputs" : [ {
      "type" : "text",
      "valueAlternatives" : [ {
        "text" : "We'll definitely get there! 😎",
        "delay" : 5000
      } ]
    }, {
      "type" : "text",
      "valueAlternatives" : [ {
        "text" : "<b>When writing a paper, I often get ideas for other papers.</b>",
        "delay" : 5000
      } ]
    } ],
    "quickReplies" : [ {
      "value" : "Not at all true of me",
      "expressions" : "property(question_22(1))"
    }, {
      "value" : "Slightly true of me",
      "expressions" : "property(question_22(2))"
    }, {
      "value" : "Moderately true of me",
      "expressions" : "property(question_22(3))"
    }, {
      "value" : "Very true of me",
      "expressions" : "property(question_22(4))"
    }, {
      "value" : "Completely true of me",
      "expressions" : "property(question_22(5))"
    } ]
  }, {
    "action" : "question_23",
    "timesOccurred" : 0,
    "outputs" : [ {
      "type" : "text",
      "valueAlternatives" : [ {
        "text" : "<b>I visualize what I’m writing about.</b>",
        "delay" : 5000
      } ]
    } ],
    "quickReplies" : [ {
      "value" : "Not at all true of me",
      "expressions" : "property(question_23(1))"
    }, {
      "value" : "Slightly true of me",
      "expressions" : "property(question_23(2))"
    }, {
      "value" : "Moderately true of me",
      "expressions" : "property(question_23(3))"
    }, {
      "value" : "Very true of me",
      "expressions" : "property(question_23(4))"
    }, {
      "value" : "Completely true of me",
      "expressions" : "property(question_23(5))"
    } ]
  }, {
    "action" : "question_24",
    "timesOccurred" : 0,
    "outputs" : [ {
      "type" : "text",
      "valueAlternatives" : [ {
        "text" : "<b>It’s important to me to like what I’ve written.</b>",
        "delay" : 5000
      } ]
    } ],
    "quickReplies" : [ {
      "value" : "Not at all true of me",
      "expressions" : "property(question_24(1))"
    }, {
      "value" : "Slightly true of me",
      "expressions" : "property(question_24(2))"
    }, {
      "value" : "Moderately true of me",
      "expressions" : "property(question_24(3))"
    }, {
      "value" : "Very true of me",
      "expressions" : "property(question_24(4))"
    }, {
      "value" : "Completely true of me",
      "expressions" : "property(question_24(5))"
    } ]
  }, {
    "action" : "question_25",
    "timesOccurred" : 0,
    "outputs" : [ {
      "type" : "text",
      "valueAlternatives" : [ {
        "text" : "<b>I expect good grades on essays and papers.</b>",
        "delay" : 5000
      } ]
    } ],
    "quickReplies" : [ {
      "value" : "Not at all true of me",
      "expressions" : "property(question_25(1))"
    }, {
      "value" : "Slightly true of me",
      "expressions" : "property(question_25(2))"
    }, {
      "value" : "Moderately true of me",
      "expressions" : "property(question_25(3))"
    }, {
      "value" : "Very true of me",
      "expressions" : "property(question_25(4))"
    }, {
      "value" : "Completely true of me",
      "expressions" : "property(question_25(5))"
    } ]
  }, {
    "action" : "question_26",
    "timesOccurred" : 0,
    "outputs" : [ {
      "type" : "text",
      "valueAlternatives" : [ {
        "text" : "<b>If the assignment calls for 1,000 words, I try to write just about that many.</b>",
        "delay" : 5000
      } ]
    } ],
    "quickReplies" : [ {
      "value" : "Not at all true of me",
      "expressions" : "property(question_26(1))"
    }, {
      "value" : "Slightly true of me",
      "expressions" : "property(question_26(2))"
    }, {
      "value" : "Moderately true of me",
      "expressions" : "property(question_26(3))"
    }, {
      "value" : "Very true of me",
      "expressions" : "property(question_26(4))"
    }, {
      "value" : "Completely true of me",
      "expressions" : "property(question_26(5))"
    } ]
  }, {
    "action" : "question_27",
    "timesOccurred" : 0,
    "outputs" : [ {
      "type" : "text",
      "valueAlternatives" : [ {
        "text" : "<b>Often my first draft is my finished product.</b>",
        "delay" : 5000
      } ]
    } ],
    "quickReplies" : [ {
      "value" : "Not at all true of me",
      "expressions" : "property(question_27(1))"
    }, {
      "value" : "Slightly true of me",
      "expressions" : "property(question_27(2))"
    }, {
      "value" : "Moderately true of me",
      "expressions" : "property(question_27(3))"
    }, {
      "value" : "Very true of me",
      "expressions" : "property(question_27(4))"
    }, {
      "value" : "Completely true of me",
      "expressions" : "property(question_27(5))"
    } ]
  }, {
    "action" : "question_28",
    "timesOccurred" : 0,
    "outputs" : [ {
      "type" : "text",
      "valueAlternatives" : [ {
        "text" : "<b>Revision is a one-time process at the end.</b>",
        "delay" : 5000
      } ]
    } ],
    "quickReplies" : [ {
      "value" : "Not at all true of me",
      "expressions" : "property(question_28(1))"
    }, {
      "value" : "Slightly true of me",
      "expressions" : "property(question_28(2))"
    }, {
      "value" : "Moderately true of me",
      "expressions" : "property(question_28(3))"
    }, {
      "value" : "Very true of me",
      "expressions" : "property(question_28(4))"
    }, {
      "value" : "Completely true of me",
      "expressions" : "property(question_28(5))"
    } ]
  }, {
    "action" : "question_29",
    "timesOccurred" : 0,
    "outputs" : [ {
      "type" : "text",
      "valueAlternatives" : [ {
        "text" : "<b>I plan out my writing and stick to the plan.</b>",
        "delay" : 5000
      } ]
    } ],
    "quickReplies" : [ {
      "value" : "Not at all true of me",
      "expressions" : "property(question_29(1))"
    }, {
      "value" : "Slightly true of me",
      "expressions" : "property(question_29(2))"
    }, {
      "value" : "Moderately true of me",
      "expressions" : "property(question_29(3))"
    }, {
      "value" : "Very true of me",
      "expressions" : "property(question_29(4))"
    }, {
      "value" : "Completely true of me",
      "expressions" : "property(question_29(5))"
    } ]
  }, {
    "action" : "question_30",
    "timesOccurred" : 0,
    "outputs" : [ {
      "type" : "text",
      "valueAlternatives" : [ {
        "text" : "To be frank with you, you've actually answered more than half of the questions. You have <b>20</b> questions left.",
        "delay" : 5000
      } ]
    }, {
      "type" : "text",
      "valueAlternatives" : [ {
        "text" : "<b>My writing “just happens” with little planning or preparation.</b>",
        "delay" : 5000
      } ]
    } ],
    "quickReplies" : [ {
      "value" : "Not at all true of me",
      "expressions" : "property(question_30(1))"
    }, {
      "value" : "Slightly true of me",
      "expressions" : "property(question_30(2))"
    }, {
      "value" : "Moderately true of me",
      "expressions" : "property(question_30(3))"
    }, {
      "value" : "Very true of me",
      "expressions" : "property(question_30(4))"
    }, {
      "value" : "Completely true of me",
      "expressions" : "property(question_30(5))"
    } ]
  }, {
    "action" : "question_31",
    "timesOccurred" : 0,
    "outputs" : [ {
      "type" : "text",
      "valueAlternatives" : [ {
        "text" : "<b>I start with a fairly detailed outline. </b>",
        "delay" : 5000
      } ]
    } ],
    "quickReplies" : [ {
      "value" : "Not at all true of me",
      "expressions" : "property(question_31(1))"
    }, {
      "value" : "Slightly true of me",
      "expressions" : "property(question_31(2))"
    }, {
      "value" : "Moderately true of me",
      "expressions" : "property(question_31(3))"
    }, {
      "value" : "Very true of me",
      "expressions" : "property(question_31(4))"
    }, {
      "value" : "Completely true of me",
      "expressions" : "property(question_31(5))"
    } ]
  }, {
    "action" : "question_32",
    "timesOccurred" : 0,
    "outputs" : [ {
      "type" : "text",
      "valueAlternatives" : [ {
        "text" : "<b>When I begin to write, I have only a vague idea of how my paper will come out. </b>",
        "delay" : 5000
      } ]
    } ],
    "quickReplies" : [ {
      "value" : "Not at all true of me",
      "expressions" : "property(question_32(1))"
    }, {
      "value" : "Slightly true of me",
      "expressions" : "property(question_32(2))"
    }, {
      "value" : "Moderately true of me",
      "expressions" : "property(question_32(3))"
    }, {
      "value" : "Very true of me",
      "expressions" : "property(question_32(4))"
    }, {
      "value" : "Completely true of me",
      "expressions" : "property(question_32(5))"
    } ]
  }, {
    "action" : "question_33",
    "timesOccurred" : 0,
    "outputs" : [ {
      "type" : "text",
      "valueAlternatives" : [ {
        "text" : "<b>I set aside specific time to do written assignments.</b>",
        "delay" : 5000
      } ]
    } ],
    "quickReplies" : [ {
      "value" : "Not at all true of me",
      "expressions" : "property(question_33(1))"
    }, {
      "value" : "Slightly true of me",
      "expressions" : "property(question_33(2))"
    }, {
      "value" : "Moderately true of me",
      "expressions" : "property(question_33(3))"
    }, {
      "value" : "Very true of me",
      "expressions" : "property(question_33(4))"
    }, {
      "value" : "Completely true of me",
      "expressions" : "property(question_33(5))"
    } ]
  }, {
    "action" : "question_34",
    "timesOccurred" : 0,
    "outputs" : [ {
      "type" : "text",
      "valueAlternatives" : [ {
        "text" : "<b>I keep my theme or topic clearly in mind as I write.</b>",
        "delay" : 5000
      } ]
    } ],
    "quickReplies" : [ {
      "value" : "Not at all true of me",
      "expressions" : "property(question_34(1))"
    }, {
      "value" : "Slightly true of me",
      "expressions" : "property(question_34(2))"
    }, {
      "value" : "Moderately true of me",
      "expressions" : "property(question_34(3))"
    }, {
      "value" : "Very true of me",
      "expressions" : "property(question_34(4))"
    }, {
      "value" : "Completely true of me",
      "expressions" : "property(question_34(5))"
    } ]
  }, {
    "action" : "question_35",
    "timesOccurred" : 0,
    "outputs" : [ {
      "type" : "text",
      "valueAlternatives" : [ {
        "text" : "<b>I need special encouragement to do my best writing.</b>",
        "delay" : 5000
      } ]
    } ],
    "quickReplies" : [ {
      "value" : "Strongly disagree",
      "expressions" : "property(yo1))"
    }, {
      "value" : "Disagree",
      "expressions" : "property(question_35(2))"
    }, {
      "value" : "Undecided",
      "expressions" : "property(question_35(3))"
    }, {
      "value" : "Agree",
      "expressions" : "property(question_35(4))"
    }, {
      "value" : "Strongly agree",
      "expressions" : "property(question_35(5))"
    } ]
  }, {
    "action" : "question_36",
    "timesOccurred" : 0,
    "outputs" : [ {
      "type" : "text",
      "valueAlternatives" : [ {
        "text" : "<b>I can motivate myself to write a good paper, even if the writing doesn’t go smoothly.</b>",
        "delay" : 5000
      } ]
    } ],
    "quickReplies" : [ {
      "value" : "Strongly disagree",
      "expressions" : "property(question_36(1))"
    }, {
      "value" : "Disagree",
      "expressions" : "property(question_36(2))"
    }, {
      "value" : "Undecided",
      "expressions" : "property(question_36(3))"
    }, {
      "value" : "Agree",
      "expressions" : "property(question_36(4))"
    }, {
      "value" : "Strongly agree",
      "expressions" : "property(question_36(5))"
    } ]
  }, {
    "action" : "question_37",
    "timesOccurred" : 0,
    "outputs" : [ {
      "type" : "text",
      "valueAlternatives" : [ {
        "text" : "<b>I can think of ways of solving my problems if I get stuck in writing.</b>",
        "delay" : 5000
      } ]
    } ],
    "quickReplies" : [ {
      "value" : "Strongly disagree",
      "expressions" : "property(question_37(1))"
    }, {
      "value" : "Disagree",
      "expressions" : "property(question_37(2))"
    }, {
      "value" : "Undecided",
      "expressions" : "property(question_37(3))"
    }, {
      "value" : "Agree",
      "expressions" : "property(question_37(4))"
    }, {
      "value" : "Strongly agree",
      "expressions" : "property(question_37(5))"
    } ]
  }, {
    "action" : "question_38",
    "timesOccurred" : 0,
    "outputs" : [ {
      "type" : "text",
      "valueAlternatives" : [ {
        "text" : "<b>I can use the right punctuation marks and put them in the right places in my text.</b>",
        "delay" : 5000
      } ]
    } ],
    "quickReplies" : [ {
      "value" : "Strongly disagree",
      "expressions" : "property(question_38(1))"
    }, {
      "value" : "Disagree",
      "expressions" : "property(question_38(2))"
    }, {
      "value" : "Undecided",
      "expressions" : "property(question_38(3))"
    }, {
      "value" : "Agree",
      "expressions" : "property(question_38(4))"
    }, {
      "value" : "Strongly agree",
      "expressions" : "property(question_38(5))"
    } ]
  }, {
    "action" : "question_39",
    "timesOccurred" : 0,
    "outputs" : [ {
      "type" : "text",
      "valueAlternatives" : [ {
        "text" : "<b>I can write a paper that connects the different paragraphs in a coherent way.</b>",
        "delay" : 5000
      } ]
    } ],
    "quickReplies" : [ {
      "value" : "Strongly disagree",
      "expressions" : "property(question_39(1))"
    }, {
      "value" : "Disagree",
      "expressions" : "property(question_39(2))"
    }, {
      "value" : "Undecided",
      "expressions" : "property(question_39(3))"
    }, {
      "value" : "Agree",
      "expressions" : "property(question_39(4))"
    }, {
      "value" : "Strongly agree",
      "expressions" : "property(question_39(5))"
    } ]
  }, {
    "action" : "question_40",
    "timesOccurred" : 0,
    "outputs" : [ {
      "type" : "text",
      "valueAlternatives" : [ {
        "text" : "Well, well, you just have 10 questions left. 💪🏼",
        "delay" : 5000
      } ]
    }, {
      "type" : "text",
      "valueAlternatives" : [ {
        "text" : "<b>I can’t revise my own writing because I can’t see my own mistakes.</b>",
        "delay" : 5000
      } ]
    } ],
    "quickReplies" : [ {
      "value" : "Strongly disagree",
      "expressions" : "property(question_40(1))"
    }, {
      "value" : "Disagree",
      "expressions" : "property(question_40(2))"
    }, {
      "value" : "Undecided",
      "expressions" : "property(question_40(3))"
    }, {
      "value" : "Agree",
      "expressions" : "property(question_40(4))"
    }, {
      "value" : "Strongly agree",
      "expressions" : "property(question_40(5))"
    } ]
  }, {
    "action" : "question_41",
    "timesOccurred" : 0,
    "outputs" : [ {
      "type" : "text",
      "valueAlternatives" : [ {
        "text" : "<b>The teacher is the most important audience.</b>",
        "delay" : 5000
      } ]
    } ],
    "quickReplies" : [ {
      "value" : "Strongly disagree",
      "expressions" : "property(question_41(1))"
    }, {
      "value" : "Disagree",
      "expressions" : "property(question_41(2))"
    }, {
      "value" : "Undecided",
      "expressions" : "property(question_41(3))"
    }, {
      "value" : "Agree",
      "expressions" : "property(question_41(4))"
    }, {
      "value" : "Strongly agree",
      "expressions" : "property(question_41(5))"
    } ]
  }, {
    "action" : "question_42",
    "timesOccurred" : 0,
    "outputs" : [ {
      "type" : "text",
      "valueAlternatives" : [ {
        "text" : "<b>The main reason for writing an essay or paper is to get a good grade on it.</b>",
        "delay" : 5000
      } ]
    } ],
    "quickReplies" : [ {
      "value" : "Strongly disagree",
      "expressions" : "property(question_42(1))"
    }, {
      "value" : "Disagree",
      "expressions" : "property(question_42(2))"
    }, {
      "value" : "Undecided",
      "expressions" : "property(question_42(3))"
    }, {
      "value" : "Agree",
      "expressions" : "property(question_42(4))"
    }, {
      "value" : "Strongly agree",
      "expressions" : "property(question_42(5))"
    } ]
  }, {
    "action" : "question_43",
    "timesOccurred" : 0,
    "outputs" : [ {
      "type" : "text",
      "valueAlternatives" : [ {
        "text" : "<b>Good writing skills are essential in my career.</b>",
        "delay" : 5000
      } ]
    } ],
    "quickReplies" : [ {
      "value" : "Strongly disagree",
      "expressions" : "property(question_43(1))"
    }, {
      "value" : "Disagree",
      "expressions" : "property(question_43(2))"
    }, {
      "value" : "Undecided",
      "expressions" : "property(question_43(3))"
    }, {
      "value" : "Agree",
      "expressions" : "property(question_43(4))"
    }, {
      "value" : "Strongly agree",
      "expressions" : "property(question_43(5))"
    } ]
  }, {
    "action" : "question_44",
    "timesOccurred" : 0,
    "outputs" : [ {
      "type" : "text",
      "valueAlternatives" : [ {
        "text" : "<b>My writing skills will not be an important factor in whether I’m promoted in my profession.</b>",
        "delay" : 5000
      } ]
    } ],
    "quickReplies" : [ {
      "value" : "Strongly disagree",
      "expressions" : "property(question_44(1))"
    }, {
      "value" : "Disagree",
      "expressions" : "property(question_44(2))"
    }, {
      "value" : "Undecided",
      "expressions" : "property(question_44(3))"
    }, {
      "value" : "Agree",
      "expressions" : "property(question_44(4))"
    }, {
      "value" : "Strongly agree",
      "expressions" : "property(question_44(5))"
    } ]
  }, {
    "action" : "question_45",
    "timesOccurred" : 0,
    "outputs" : [ {
      "type" : "text",
      "valueAlternatives" : [ {
        "text" : "<b>The ability to write well is becoming less important for professional success.</b>",
        "delay" : 5000
      } ]
    } ],
    "quickReplies" : [ {
      "value" : "Strongly disagree",
      "expressions" : "property(question_45(1))"
    }, {
      "value" : "Disagree",
      "expressions" : "property(question_45(2))"
    }, {
      "value" : "Undecided",
      "expressions" : "property(question_45(3))"
    }, {
      "value" : "Agree",
      "expressions" : "property(question_45(4))"
    }, {
      "value" : "Strongly agree",
      "expressions" : "property(question_45(5))"
    } ]
  }, {
    "action" : "question_46",
    "timesOccurred" : 0,
    "outputs" : [ {
      "type" : "text",
      "valueAlternatives" : [ {
        "text" : "<b>Writing about myself on Facebook is good practice for developing professional media writing skills.</b>",
        "delay" : 5000
      } ]
    } ],
    "quickReplies" : [ {
      "value" : "Completely true of me",
      "expressions" : "property(question_46(1))"
    }, {
      "value" : "Disagree",
      "expressions" : "property(question_46(2))"
    }, {
      "value" : "Undecided",
      "expressions" : "property(question_46(3))"
    }, {
      "value" : "Agree",
      "expressions" : "property(question_46(4))"
    }, {
      "value" : "Strongly agree",
      "expressions" : "property(question_46(5))"
    } ]
  }, {
    "action" : "question_47",
    "timesOccurred" : 0,
    "outputs" : [ {
      "type" : "text",
      "valueAlternatives" : [ {
        "text" : "<b>The writing style used in texting gives media writer’s bad habits to overcome.</b>",
        "delay" : 5000
      } ]
    } ],
    "quickReplies" : [ {
      "value" : "Strongly disagree",
      "expressions" : "property(question_47(1))"
    }, {
      "value" : "Disagree",
      "expressions" : "property(question_47(2))"
    }, {
      "value" : "Undecided",
      "expressions" : "property(question_47(3))"
    }, {
      "value" : "Agree",
      "expressions" : "property(question_47(4))"
    }, {
      "value" : "Strongly agree",
      "expressions" : "property(question_47(5))"
    } ]
  }, {
    "action" : "question_48",
    "timesOccurred" : 0,
    "outputs" : [ {
      "type" : "text",
      "valueAlternatives" : [ {
        "text" : "<b>Writing good blog copy uses the same skills as writing good newspaper copy.</b>",
        "delay" : 5000
      } ]
    } ],
    "quickReplies" : [ {
      "value" : "Strongly disagree",
      "expressions" : "property(question_48(1))"
    }, {
      "value" : "Disagree",
      "expressions" : "property(question_48(2))"
    }, {
      "value" : "Undecided",
      "expressions" : "property(question_48(3))"
    }, {
      "value" : "Agree",
      "expressions" : "property(question_48(4))"
    }, {
      "value" : "Strongly agree",
      "expressions" : "property(question_48(5))"
    } ]
  }, {
    "action" : "question_49",
    "timesOccurred" : 0,
    "outputs" : [ {
      "type" : "text",
      "valueAlternatives" : [ {
        "text" : "<b>Because I can write witty “tweets” on Twitter, I can also write professional media articles.</b>",
        "delay" : 5000
      } ]
    } ],
    "quickReplies" : [ {
      "value" : "Strongly disagree",
      "expressions" : "property(question_49(1))"
    }, {
      "value" : "Disagree",
      "expressions" : "property(question_49(2))"
    }, {
      "value" : "Undecided",
      "expressions" : "property(question_49(3))"
    }, {
      "value" : "Agree",
      "expressions" : "property(question_49(4))"
    }, {
      "value" : "Strongly agree",
      "expressions" : "property(question_49(5))"
    } ]
  }, {
    "action" : "question_50",
    "timesOccurred" : 0,
    "outputs" : [ {
      "type" : "text",
      "valueAlternatives" : [ {
        "text" : "<b>YouTube videos don’t need the “textbook” production techniques taught in my program.</b>",
        "delay" : 5000
      } ]
    } ],
    "quickReplies" : [ {
      "value" : "Strongly disagree",
      "expressions" : "property(question_50(1))"
    }, {
      "value" : "Disagree",
      "expressions" : "property(question_50(2))"
    }, {
      "value" : "Undecided",
      "expressions" : "property(question_50(3))"
    }, {
      "value" : "Agree",
      "expressions" : "property(question_50(4))"
    }, {
      "value" : "Strongly agree",
      "expressions" : "property(question_50(5))"
    } ]
  }, {
    "action" : "scores_intro",
    "timesOccurred" : 0,
    "outputs" : [ {
      "type" : "text",
      "valueAlternatives" : [ {
        "text" : "Congratulations! You've just completed the <b>Media Writer's Self Perception Scale</b> survey 🙂",
        "delay" : 3000
      } ]
    }, {
      "type" : "text",
      "valueAlternatives" : [ {
        "text" : "Your scores will be displayed below.",
        "delay" : 1000
      } ]
    } ],
    "quickReplies" : [ {
      "value" : "Show my Scores",
      "expressions" : "showScores"
    } ]
  } ]
}