{
  "packageExtensions" : [ {
    "type" : "eddi://ai.labs.parser",
    "extensions" : { },
    "config" : { }
  }, {
    "type" : "eddi://ai.labs.behavior",
    "extensions" : { },
    "config" : {
      "uri" : "eddi://ai.labs.behavior/behaviorstore/behaviorsets/5f47a550d7bd8f33c3fc98be?version=1"
    }
  }, {
    "type" : "eddi://ai.labs.property",
    "extensions" : { },
    "config" : {
      "uri" : "eddi://ai.labs.property/propertysetterstore/propertysetters/5f47a550d7bd8f33c3fc98bf?version=1"
    }
  }, {
    "type" : "eddi://ai.labs.behavior",
    "extensions" : { },
    "config" : {
      "uri" : "eddi://ai.labs.behavior/behaviorstore/behaviorsets/5f47a550d7bd8f33c3fc98c0?version=1"
    }
  }, {
    "type" : "eddi://ai.labs.output",
    "extensions" : { },
    "config" : {
      "uri" : "eddi://ai.labs.output/outputstore/outputsets/5f47a550d7bd8f33c3fc98c1?version=1"
    }
  }, {
    "type" : "eddi://ai.labs.output",
    "extensions" : { },
    "config" : {
      "uri" : "eddi://ai.labs.output/outputstore/outputsets/5f47a550d7bd8f33c3fc98c2?version=1"
    }
  }, {
    "type" : "eddi://ai.labs.templating",
    "extensions" : { },
    "config" : { }
  } ]
}