{
  "behaviorGroups" : [ {
    "name" : "Media Writer's Self Perception Scale",
    "executionStrategy" : "executeAll",
    "behaviorRules" : [ {
      "name" : "Welcome",
      "actions" : [ "welcome", "CONVERSATION_START" ],
      "conditions" : [ {
        "type" : "occurrence",
        "configs" : {
          "maxTimesOccurred" : "0",
          "behaviorRuleName" : "Welcome"
        }
      } ]
    }, {
      "name" : "Survey Question",
      "actions" : [ "question_1" ],
      "conditions" : [ {
        "type" : "inputmatcher",
        "configs" : {
          "expressions" : "*",
          "occurrence" : "currentStep"
        }
      }, {
        "type" : "actionmatcher",
        "configs" : {
          "actions" : "welcome",
          "occurrence" : "lastStep"
        }
      } ]
    }, {
      "name" : "Survey Question",
      "actions" : [ "question_2" ],
      "conditions" : [ {
        "type" : "inputmatcher",
        "configs" : {
          "expressions" : "*",
          "occurrence" : "currentStep"
        }
      }, {
        "type" : "actionmatcher",
        "configs" : {
          "actions" : "question_1",
          "occurrence" : "lastStep"
        }
      } ]
    }, {
      "name" : "Survey Question",
      "actions" : [ "question_3" ],
      "conditions" : [ {
        "type" : "inputmatcher",
        "configs" : {
          "expressions" : "*",
          "occurrence" : "currentStep"
        }
      }, {
        "type" : "actionmatcher",
        "configs" : {
          "actions" : "question_2",
          "occurrence" : "lastStep"
        }
      } ]
    }, {
      "name" : "Survey Question",
      "actions" : [ "question_4" ],
      "conditions" : [ {
        "type" : "inputmatcher",
        "configs" : {
          "expressions" : "*",
          "occurrence" : "currentStep"
        }
      }, {
        "type" : "actionmatcher",
        "configs" : {
          "actions" : "question_3",
          "occurrence" : "lastStep"
        }
      } ]
    }, {
      "name" : "Survey Question",
      "actions" : [ "question_5" ],
      "conditions" : [ {
        "type" : "inputmatcher",
        "configs" : {
          "expressions" : "*",
          "occurrence" : "currentStep"
        }
      }, {
        "type" : "actionmatcher",
        "configs" : {
          "actions" : "question_4",
          "occurrence" : "lastStep"
        }
      } ]
    }, {
      "name" : "Survey Question",
      "actions" : [ "question_6" ],
      "conditions" : [ {
        "type" : "inputmatcher",
        "configs" : {
          "expressions" : "*",
          "occurrence" : "currentStep"
        }
      }, {
        "type" : "actionmatcher",
        "configs" : {
          "actions" : "question_5",
          "occurrence" : "lastStep"
        }
      } ]
    }, {
      "name" : "Survey Question",
      "actions" : [ "question_7" ],
      "conditions" : [ {
        "type" : "inputmatcher",
        "configs" : {
          "expressions" : "*",
          "occurrence" : "currentStep"
        }
      }, {
        "type" : "actionmatcher",
        "configs" : {
          "actions" : "question_6",
          "occurrence" : "lastStep"
        }
      } ]
    }, {
      "name" : "Survey Question",
      "actions" : [ "question_8" ],
      "conditions" : [ {
        "type" : "inputmatcher",
        "configs" : {
          "expressions" : "*",
          "occurrence" : "currentStep"
        }
      }, {
        "type" : "actionmatcher",
        "configs" : {
          "actions" : "question_7",
          "occurrence" : "lastStep"
        }
      } ]
    }, {
      "name" : "Survey Question",
      "actions" : [ "question_9" ],
      "conditions" : [ {
        "type" : "inputmatcher",
        "configs" : {
          "expressions" : "*",
          "occurrence" : "currentStep"
        }
      }, {
        "type" : "actionmatcher",
        "configs" : {
          "actions" : "question_8",
          "occurrence" : "lastStep"
        }
      } ]
    }, {
      "name" : "Survey Question",
      "actions" : [ "question_10" ],
      "conditions" : [ {
        "type" : "inputmatcher",
        "configs" : {
          "expressions" : "*",
          "occurrence" : "currentStep"
        }
      }, {
        "type" : "actionmatcher",
        "configs" : {
          "actions" : "question_9",
          "occurrence" : "lastStep"
        }
      } ]
    }, {
      "name" : "Survey Question",
      "actions" : [ "question_11" ],
      "conditions" : [ {
        "type" : "inputmatcher",
        "configs" : {
          "expressions" : "*",
          "occurrence" : "currentStep"
        }
      }, {
        "type" : "actionmatcher",
        "configs" : {
          "actions" : "question_10",
          "occurrence" : "lastStep"
        }
      } ]
    }, {
      "name" : "Survey Question",
      "actions" : [ "question_12" ],
      "conditions" : [ {
        "type" : "inputmatcher",
        "configs" : {
          "expressions" : "*",
          "occurrence" : "currentStep"
        }
      }, {
        "type" : "actionmatcher",
        "configs" : {
          "actions" : "question_11",
          "occurrence" : "lastStep"
        }
      } ]
    }, {
      "name" : "Survey Question",
      "actions" : [ "question_13" ],
      "conditions" : [ {
        "type" : "inputmatcher",
        "configs" : {
          "expressions" : "*",
          "occurrence" : "currentStep"
        }
      }, {
        "type" : "actionmatcher",
        "configs" : {
          "actions" : "question_12",
          "occurrence" : "lastStep"
        }
      } ]
    }, {
      "name" : "Survey Question",
      "actions" : [ "question_14" ],
      "conditions" : [ {
        "type" : "inputmatcher",
        "configs" : {
          "expressions" : "*",
          "occurrence" : "currentStep"
        }
      }, {
        "type" : "actionmatcher",
        "configs" : {
          "actions" : "question_13",
          "occurrence" : "lastStep"
        }
      } ]
    }, {
      "name" : "Survey Question",
      "actions" : [ "question_15" ],
      "conditions" : [ {
        "type" : "inputmatcher",
        "configs" : {
          "expressions" : "*",
          "occurrence" : "currentStep"
        }
      }, {
        "type" : "actionmatcher",
        "configs" : {
          "actions" : "question_14",
          "occurrence" : "lastStep"
        }
      } ]
    }, {
      "name" : "Survey Question",
      "actions" : [ "question_16" ],
      "conditions" : [ {
        "type" : "inputmatcher",
        "configs" : {
          "expressions" : "*",
          "occurrence" : "currentStep"
        }
      }, {
        "type" : "actionmatcher",
        "configs" : {
          "actions" : "question_15",
          "occurrence" : "lastStep"
        }
      } ]
    }, {
      "name" : "Survey Question",
      "actions" : [ "question_17" ],
      "conditions" : [ {
        "type" : "inputmatcher",
        "configs" : {
          "expressions" : "*",
          "occurrence" : "currentStep"
        }
      }, {
        "type" : "actionmatcher",
        "configs" : {
          "actions" : "question_16",
          "occurrence" : "lastStep"
        }
      } ]
    }, {
      "name" : "Survey Question",
      "actions" : [ "question_18" ],
      "conditions" : [ {
        "type" : "inputmatcher",
        "configs" : {
          "expressions" : "*",
          "occurrence" : "currentStep"
        }
      }, {
        "type" : "actionmatcher",
        "configs" : {
          "actions" : "question_17",
          "occurrence" : "lastStep"
        }
      } ]
    }, {
      "name" : "Survey Question",
      "actions" : [ "question_19" ],
      "conditions" : [ {
        "type" : "inputmatcher",
        "configs" : {
          "expressions" : "*",
          "occurrence" : "currentStep"
        }
      }, {
        "type" : "actionmatcher",
        "configs" : {
          "actions" : "question_18",
          "occurrence" : "lastStep"
        }
      } ]
    }, {
      "name" : "Survey Question",
      "actions" : [ "question_20" ],
      "conditions" : [ {
        "type" : "inputmatcher",
        "configs" : {
          "expressions" : "*",
          "occurrence" : "currentStep"
        }
      }, {
        "type" : "actionmatcher",
        "configs" : {
          "actions" : "question_19",
          "occurrence" : "lastStep"
        }
      } ]
    }, {
      "name" : "Survey Question",
      "actions" : [ "question_21" ],
      "conditions" : [ {
        "type" : "inputmatcher",
        "configs" : {
          "expressions" : "*",
          "occurrence" : "currentStep"
        }
      }, {
        "type" : "actionmatcher",
        "configs" : {
          "actions" : "question_20",
          "occurrence" : "lastStep"
        }
      } ]
    }, {
      "name" : "Survey Question",
      "actions" : [ "question_22" ],
      "conditions" : [ {
        "type" : "inputmatcher",
        "configs" : {
          "expressions" : "*",
          "occurrence" : "currentStep"
        }
      }, {
        "type" : "actionmatcher",
        "configs" : {
          "actions" : "question_21",
          "occurrence" : "lastStep"
        }
      } ]
    }, {
      "name" : "Survey Question",
      "actions" : [ "question_23" ],
      "conditions" : [ {
        "type" : "inputmatcher",
        "configs" : {
          "expressions" : "*",
          "occurrence" : "currentStep"
        }
      }, {
        "type" : "actionmatcher",
        "configs" : {
          "actions" : "question_22",
          "occurrence" : "lastStep"
        }
      } ]
    }, {
      "name" : "Survey Question",
      "actions" : [ "question_24" ],
      "conditions" : [ {
        "type" : "inputmatcher",
        "configs" : {
          "expressions" : "*",
          "occurrence" : "currentStep"
        }
      }, {
        "type" : "actionmatcher",
        "configs" : {
          "actions" : "question_23",
          "occurrence" : "lastStep"
        }
      } ]
    }, {
      "name" : "Survey Question",
      "actions" : [ "question_25" ],
      "conditions" : [ {
        "type" : "inputmatcher",
        "configs" : {
          "expressions" : "*",
          "occurrence" : "currentStep"
        }
      }, {
        "type" : "actionmatcher",
        "configs" : {
          "actions" : "question_24",
          "occurrence" : "lastStep"
        }
      } ]
    }, {
      "name" : "Survey Question",
      "actions" : [ "question_26" ],
      "conditions" : [ {
        "type" : "inputmatcher",
        "configs" : {
          "expressions" : "*",
          "occurrence" : "currentStep"
        }
      }, {
        "type" : "actionmatcher",
        "configs" : {
          "actions" : "question_25",
          "occurrence" : "lastStep"
        }
      } ]
    }, {
      "name" : "Survey Question",
      "actions" : [ "question_27" ],
      "conditions" : [ {
        "type" : "inputmatcher",
        "configs" : {
          "expressions" : "*",
          "occurrence" : "currentStep"
        }
      }, {
        "type" : "actionmatcher",
        "configs" : {
          "actions" : "question_26",
          "occurrence" : "lastStep"
        }
      } ]
    }, {
      "name" : "Survey Question",
      "actions" : [ "question_28" ],
      "conditions" : [ {
        "type" : "inputmatcher",
        "configs" : {
          "expressions" : "*",
          "occurrence" : "currentStep"
        }
      }, {
        "type" : "actionmatcher",
        "configs" : {
          "actions" : "question_27",
          "occurrence" : "lastStep"
        }
      } ]
    }, {
      "name" : "Survey Question",
      "actions" : [ "question_29" ],
      "conditions" : [ {
        "type" : "inputmatcher",
        "configs" : {
          "expressions" : "*",
          "occurrence" : "currentStep"
        }
      }, {
        "type" : "actionmatcher",
        "configs" : {
          "actions" : "question_28",
          "occurrence" : "lastStep"
        }
      } ]
    }, {
      "name" : "Survey Question",
      "actions" : [ "question_30" ],
      "conditions" : [ {
        "type" : "inputmatcher",
        "configs" : {
          "expressions" : "*",
          "occurrence" : "currentStep"
        }
      }, {
        "type" : "actionmatcher",
        "configs" : {
          "actions" : "question_29",
          "occurrence" : "lastStep"
        }
      } ]
    }, {
      "name" : "Survey Question",
      "actions" : [ "question_31" ],
      "conditions" : [ {
        "type" : "inputmatcher",
        "configs" : {
          "expressions" : "*",
          "occurrence" : "currentStep"
        }
      }, {
        "type" : "actionmatcher",
        "configs" : {
          "actions" : "question_30",
          "occurrence" : "lastStep"
        }
      } ]
    }, {
      "name" : "Survey Question",
      "actions" : [ "question_32" ],
      "conditions" : [ {
        "type" : "inputmatcher",
        "configs" : {
          "expressions" : "*",
          "occurrence" : "currentStep"
        }
      }, {
        "type" : "actionmatcher",
        "configs" : {
          "actions" : "question_31",
          "occurrence" : "lastStep"
        }
      } ]
    }, {
      "name" : "Survey Question",
      "actions" : [ "question_33" ],
      "conditions" : [ {
        "type" : "inputmatcher",
        "configs" : {
          "expressions" : "*",
          "occurrence" : "currentStep"
        }
      }, {
        "type" : "actionmatcher",
        "configs" : {
          "actions" : "question_32",
          "occurrence" : "lastStep"
        }
      } ]
    }, {
      "name" : "Survey Question",
      "actions" : [ "question_34" ],
      "conditions" : [ {
        "type" : "inputmatcher",
        "configs" : {
          "expressions" : "*",
          "occurrence" : "currentStep"
        }
      }, {
        "type" : "actionmatcher",
        "configs" : {
          "actions" : "question_33",
          "occurrence" : "lastStep"
        }
      } ]
    }, {
      "name" : "Survey Question",
      "actions" : [ "question_35" ],
      "conditions" : [ {
        "type" : "inputmatcher",
        "configs" : {
          "expressions" : "*",
          "occurrence" : "currentStep"
        }
      }, {
        "type" : "actionmatcher",
        "configs" : {
          "actions" : "question_34",
          "occurrence" : "lastStep"
        }
      } ]
    }, {
      "name" : "Survey Question",
      "actions" : [ "question_36" ],
      "conditions" : [ {
        "type" : "inputmatcher",
        "configs" : {
          "expressions" : "*",
          "occurrence" : "currentStep"
        }
      }, {
        "type" : "actionmatcher",
        "configs" : {
          "actions" : "question_35",
          "occurrence" : "lastStep"
        }
      } ]
    }, {
      "name" : "Survey Question",
      "actions" : [ "question_37" ],
      "conditions" : [ {
        "type" : "inputmatcher",
        "configs" : {
          "expressions" : "*",
          "occurrence" : "currentStep"
        }
      }, {
        "type" : "actionmatcher",
        "configs" : {
          "actions" : "question_36",
          "occurrence" : "lastStep"
        }
      } ]
    }, {
      "name" : "Survey Question",
      "actions" : [ "question_38" ],
      "conditions" : [ {
        "type" : "inputmatcher",
        "configs" : {
          "expressions" : "*",
          "occurrence" : "currentStep"
        }
      }, {
        "type" : "actionmatcher",
        "configs" : {
          "actions" : "question_37",
          "occurrence" : "lastStep"
        }
      } ]
    }, {
      "name" : "Survey Question",
      "actions" : [ "question_39" ],
      "conditions" : [ {
        "type" : "inputmatcher",
        "configs" : {
          "expressions" : "*",
          "occurrence" : "currentStep"
        }
      }, {
        "type" : "actionmatcher",
        "configs" : {
          "actions" : "question_38",
          "occurrence" : "lastStep"
        }
      } ]
    }, {
      "name" : "Survey Question",
      "actions" : [ "question_40" ],
      "conditions" : [ {
        "type" : "inputmatcher",
        "configs" : {
          "expressions" : "*",
          "occurrence" : "currentStep"
        }
      }, {
        "type" : "actionmatcher",
        "configs" : {
          "actions" : "question_39",
          "occurrence" : "lastStep"
        }
      } ]
    }, {
      "name" : "Survey Question",
      "actions" : [ "question_41" ],
      "conditions" : [ {
        "type" : "inputmatcher",
        "configs" : {
          "expressions" : "*",
          "occurrence" : "currentStep"
        }
      }, {
        "type" : "actionmatcher",
        "configs" : {
          "actions" : "question_40",
          "occurrence" : "lastStep"
        }
      } ]
    }, {
      "name" : "Survey Question",
      "actions" : [ "question_42" ],
      "conditions" : [ {
        "type" : "inputmatcher",
        "configs" : {
          "expressions" : "*",
          "occurrence" : "currentStep"
        }
      }, {
        "type" : "actionmatcher",
        "configs" : {
          "actions" : "question_41",
          "occurrence" : "lastStep"
        }
      } ]
    }, {
      "name" : "Survey Question",
      "actions" : [ "question_43" ],
      "conditions" : [ {
        "type" : "inputmatcher",
        "configs" : {
          "expressions" : "*",
          "occurrence" : "currentStep"
        }
      }, {
        "type" : "actionmatcher",
        "configs" : {
          "actions" : "question_42",
          "occurrence" : "lastStep"
        }
      } ]
    }, {
      "name" : "Survey Question",
      "actions" : [ "question_44" ],
      "conditions" : [ {
        "type" : "inputmatcher",
        "configs" : {
          "expressions" : "*",
          "occurrence" : "currentStep"
        }
      }, {
        "type" : "actionmatcher",
        "configs" : {
          "actions" : "question_43",
          "occurrence" : "lastStep"
        }
      } ]
    }, {
      "name" : "Survey Question",
      "actions" : [ "question_45" ],
      "conditions" : [ {
        "type" : "inputmatcher",
        "configs" : {
          "expressions" : "*",
          "occurrence" : "currentStep"
        }
      }, {
        "type" : "actionmatcher",
        "configs" : {
          "actions" : "question_44",
          "occurrence" : "lastStep"
        }
      } ]
    }, {
      "name" : "Survey Question",
      "actions" : [ "question_46" ],
      "conditions" : [ {
        "type" : "inputmatcher",
        "configs" : {
          "expressions" : "*",
          "occurrence" : "currentStep"
        }
      }, {
        "type" : "actionmatcher",
        "configs" : {
          "actions" : "question_45",
          "occurrence" : "lastStep"
        }
      } ]
    }, {
      "name" : "Survey Question",
      "actions" : [ "question_47" ],
      "conditions" : [ {
        "type" : "inputmatcher",
        "configs" : {
          "expressions" : "*",
          "occurrence" : "currentStep"
        }
      }, {
        "type" : "actionmatcher",
        "configs" : {
          "actions" : "question_46",
          "occurrence" : "lastStep"
        }
      } ]
    }, {
      "name" : "Survey Question",
      "actions" : [ "question_48" ],
      "conditions" : [ {
        "type" : "inputmatcher",
        "configs" : {
          "expressions" : "*",
          "occurrence" : "currentStep"
        }
      }, {
        "type" : "actionmatcher",
        "configs" : {
          "actions" : "question_47",
          "occurrence" : "lastStep"
        }
      } ]
    }, {
      "name" : "Survey Question",
      "actions" : [ "question_49" ],
      "conditions" : [ {
        "type" : "inputmatcher",
        "configs" : {
          "expressions" : "*",
          "occurrence" : "currentStep"
        }
      }, {
        "type" : "actionmatcher",
        "configs" : {
          "actions" : "question_48",
          "occurrence" : "lastStep"
        }
      } ]
    }, {
      "name" : "Survey Question",
      "actions" : [ "question_50" ],
      "conditions" : [ {
        "type" : "inputmatcher",
        "configs" : {
          "expressions" : "*",
          "occurrence" : "currentStep"
        }
      }, {
        "type" : "actionmatcher",
        "configs" : {
          "actions" : "question_49",
          "occurrence" : "lastStep"
        }
      } ]
    }, {
      "name" : "Scores Intro",
      "actions" : [ "scores_intro", "calculate_elscore", "calculate_rrscore", "calculate_sescore", "calculate_wascore", "calculate_smpscore", "calculate_mwspscore" ],
      "conditions" : [ {
        "type" : "inputmatcher",
        "configs" : {
          "expressions" : "*",
          "occurrence" : "currentStep"
        }
      }, {
        "type" : "actionmatcher",
        "configs" : {
          "actions" : "question_50",
          "occurrence" : "lastStep"
        }
      } ]
    } ]
  } ]
}