{
  "setOnActions" : [ {
    "actions" : [ "ask_for_ollama_model_name" ],
    "setProperties" : [ {
      "name" : "apiKey",
      "valueString" : "[[${memory.current.input}]]",
      "scope" : "conversation",
      "fromObjectPath" : "",
      "toObjectPath" : "",
      "convertToObject" : false,
      "override" : true,
      "runOnValidationError" : false
    } ]
  }, {
    "actions" : [ "ask_for_ollama_temperature" ],
    "setProperties" : [ {
      "name" : "modelName",
      "valueString" : "[[${memory.current.input}]]",
      "scope" : "conversation",
      "fromObjectPath" : "",
      "toObjectPath" : "",
      "convertToObject" : false,
      "override" : true,
      "runOnValidationError" : false
    } ]
  }, {
    "actions" : [ "ask_for_ollama_timeout" ],
    "setProperties" : [ {
      "name" : "temperature",
      "valueString" : "[[${memory.current.input}]]",
      "scope" : "conversation",
      "fromObjectPath" : "",
      "toObjectPath" : "",
      "convertToObject" : false,
      "override" : true,
      "runOnValidationError" : false
    } ]
  }, {
    "actions" : [ "ask_for_bot_creation_confirmation_for_ollama" ],
    "setProperties" : [ {
      "name" : "timeout",
      "valueString" : "[[${memory.current.input}]]",
      "scope" : "conversation",
      "fromObjectPath" : "",
      "toObjectPath" : "",
      "convertToObject" : false,
      "override" : true,
      "runOnValidationError" : false
    } ]
  } ]
}