{
  "behaviorGroups" : [ {
    "name" : "Default",
    "behaviorRules" : [ {
      "name" : "Show Global Menu",
      "actions" : [ "global_menu" ],
      "children" : [ {
        "type" : "negation",
        "values" : { },
        "children" : [ {
          "type" : "inputmatcher",
          "values" : {
            "expressions" : "*",
            "occurrence" : "currentStep"
          }
        } ]
      }, {
        "type" : "negation",
        "values" : { },
        "children" : [ {
          "type" : "contextmatcher",
          "values" : {
            "contextKey" : "onboardingOfUser",
            "contextType" : "string",
            "string" : "true"
          }
        } ]
      } ]
    } ]
  } ]
}