{
  "packageExtensions" : [ {
    "type" : "eddi://ai.labs.parser",
    "extensions" : { },
    "config" : { }
  }, {
    "type" : "eddi://ai.labs.behavior",
    "extensions" : { },
    "config" : {
      "uri" : "eddi://ai.labs.behavior/behaviorstore/behaviorsets/5a27c67607200a457c31b49b?version=1"
    }
  }, {
    "type" : "eddi://ai.labs.output",
    "extensions" : { },
    "config" : {
      "uri" : "eddi://ai.labs.output/outputstore/outputsets/5a27c68707200a457c31b49c?version=1"
    }
  } ]
}