{
  "packages" : [ "eddi://ai.labs.package/packagestore/packages/5ab88f381477ea057c4b20eb?version=1" ],
  "channels" : [ {
    "type" : "eddi://ai.labs.channel.facebook",
    "config" : {
      "appSecret" : "957bbcdbdb55a71c27297919f3d2c716",
      "verificationToken" : "1qayxsw2Q",
      "pageAccessToken" : "EAANoSPLR6X8BAB3ncAzzYiDnZBSFcXj8BMkGZCs68ZA2CSgKdxFFe0nZCxB0cRtbLDtWrvbgdMAu63V1CIS49cDHe2kB71pJor16cfgxZBmTa25ZCCWRVvqBDgKycOzNSoWqqPZCZBireWoz1SbCbOZA8FlRnvUhbqYnBQm3ParnpfQZDZD"
    }
  } ]
}