{
  "outputSet" : [ {
    "action" : "global_menu",
    "timesOccurred" : 0,
    "outputs" : [ {
      "valueAlternatives" : [ {
        "type" : "text",
        "text" : "Hi. Welcome to BingeBot! Would you like to ... "
      } ]
    } ],
    "quickReplies" : [ {
      "value" : "Talk TV!",
      "expressions" : "trigger(tv_menu)",
      "default" : false
    }, {
      "value" : "Chat about Movies!",
      "expressions" : "trigger(movie_menu)",
      "default" : false
    } ]
  }, {
    "action" : "greet",
    "timesOccurred" : 0,
    "outputs" : [ {
      "valueAlternatives" : [ {
        "type" : "text",
        "text" : "Hi there! Nice to meet up! :-)"
      }, {
        "type" : "text",
        "text" : "Hey you!"
      } ]
    } ],
    "quickReplies" : [ ]
  }, {
    "action" : "moviePopular",
    "timesOccurred" : 0,
    "outputs" : [ {
      "valueAlternatives" : [ {
        "type" : "text",
        "text" : "People love [[${memory.current.httpCalls.popularMovies.results[0].title}]]"
      } ]
    }, {
      "valueAlternatives" : [ {
        "type" : "text",
        "text" : "Oh, and I hear [[${memory.current.httpCalls.popularMovies.results[1].title}]] is also great!"
      } ]
    }, {
      "valueAlternatives" : [ {
        "type" : "text",
        "text" : "And I personally like [[${memory.current.httpCalls.popularMovies.results[2].title}]]"
      } ]
    } ],
    "quickReplies" : [ ]
  }, {
    "action" : "movie_search_prompt",
    "timesOccurred" : 0,
    "outputs" : [ {
      "valueAlternatives" : [ {
        "type" : "text",
        "text" : "What movie are you looking for?"
      }, {
        "type" : "text",
        "text" : "What movie are you interested in?"
      } ]
    } ],
    "quickReplies" : [ ]
  }, {
    "action" : "open_movie_menu",
    "timesOccurred" : 0,
    "outputs" : [ {
      "valueAlternatives" : [ {
        "type" : "text",
        "text" : "What would you like to know?"
      } ]
    } ],
    "quickReplies" : [ {
      "value" : "What movies are popular?",
      "expressions" : "trigger(popular_movies)",
      "default" : false
    }, {
      "value" : "Search by movie title!",
      "expressions" : "trigger(movie_title)",
      "default" : false
    } ]
  }, {
    "action" : "open_tv_menu",
    "timesOccurred" : 0,
    "outputs" : [ {
      "valueAlternatives" : [ {
        "type" : "text",
        "text" : "What would you like to know?"
      } ]
    } ],
    "quickReplies" : [ {
      "value" : "What shows are popular?",
      "expressions" : "trigger(popular_shows)",
      "default" : false
    }, {
      "value" : "Search by show title!",
      "expressions" : "trigger(show_title)",
      "default" : false
    } ]
  }, {
    "action" : "say_goodbye",
    "timesOccurred" : 0,
    "outputs" : [ {
      "valueAlternatives" : [ {
        "type" : "text",
        "text" : "See you soon!"
      }, {
        "type" : "text",
        "text" : "See you later!"
      } ]
    } ],
    "quickReplies" : [ ]
  }, {
    "action" : "searchMovies",
    "timesOccurred" : 0,
    "outputs" : [ {
      "valueAlternatives" : [ {
        "type" : "text",
        "text" : "TITLE: [[${memory.current.httpCalls.searchMovies.results[0].title}]]"
      } ]
    }, {
      "valueAlternatives" : [ {
        "type" : "text",
        "text" : "RATING: [[${memory.current.httpCalls.searchMovies.results[0].vote_average}]]"
      } ]
    }, {
      "valueAlternatives" : [ {
        "type" : "text",
        "text" : "DESCRIPTION: [[${memory.current.httpCalls.searchMovies.results[0].overview}]]"
      } ]
    } ],
    "quickReplies" : [ ]
  }, {
    "action" : "tvPopular",
    "timesOccurred" : 0,
    "outputs" : [ {
      "valueAlternatives" : [ {
        "type" : "text",
        "text" : "I've been binging [[${memory.current.httpCalls.popularShows.results[0].name}]]"
      } ]
    }, {
      "valueAlternatives" : [ {
        "type" : "text",
        "text" : "My best friends are watching [[${memory.current.httpCalls.popularShows.results[1].name}]]"
      } ]
    }, {
      "valueAlternatives" : [ {
        "type" : "text",
        "text" : "But... [[${memory.current.httpCalls.popularShows.results[2].name}]] is... LIT!!"
      } ]
    } ],
    "quickReplies" : [ ]
  }, {
    "action" : "tvSearch",
    "timesOccurred" : 0,
    "outputs" : [ {
      "valueAlternatives" : [ {
        "type" : "text",
        "text" : "TITLE: [[${memory.current.httpCalls.popularShows.results[0].name}]]"
      } ]
    }, {
      "valueAlternatives" : [ {
        "type" : "text",
        "text" : "RATING: [[${memory.current.httpCalls.popularShows.results[0].vote_average}]]"
      } ]
    }, {
      "valueAlternatives" : [ {
        "type" : "text",
        "text" : "DESCRIPTION: [[${memory.current.httpCalls.popularShows.results[0].overview}]]"
      } ]
    } ],
    "quickReplies" : [ ]
  }, {
    "action" : "tv_search_prompt",
    "timesOccurred" : 0,
    "outputs" : [ {
      "valueAlternatives" : [ {
        "type" : "text",
        "text" : "What tv show are you looking for?"
      }, {
        "type" : "text",
        "text" : "What show are you interested in?"
      } ]
    } ],
    "quickReplies" : [ ]
  } ]
}