{
  "packageExtensions" : [ {
    "type" : "eddi://ai.labs.parser",
    "extensions" : {
      "dictionaries" : [ {
        "type" : "eddi://ai.labs.parser.dictionaries.regular",
        "config" : {
          "uri" : "eddi://ai.labs.regulardictionary/regulardictionarystore/regulardictionaries/6298ed4ae5d2b26def866a03?version=1"
        }
      } ]
    },
    "config" : { }
  }, {
    "type" : "eddi://ai.labs.behavior",
    "extensions" : { },
    "config" : {
      "uri" : "eddi://ai.labs.behavior/behaviorstore/behaviorsets/6298ed4ae5d2b26def866a04?version=1"
    }
  }, {
    "type" : "eddi://ai.labs.httpcalls",
    "extensions" : { },
    "config" : {
      "uri" : "eddi://ai.labs.httpcalls/httpcallsstore/httpcalls/6298ed4ae5d2b26def866a06?version=1"
    }
  }, {
    "type" : "eddi://ai.labs.httpcalls",
    "extensions" : { },
    "config" : {
      "uri" : "eddi://ai.labs.httpcalls/httpcallsstore/httpcalls/6298ed4ae5d2b26def866a07?version=1"
    }
  }, {
    "type" : "eddi://ai.labs.httpcalls",
    "extensions" : { },
    "config" : {
      "uri" : "eddi://ai.labs.httpcalls/httpcallsstore/httpcalls/6298ed4ae5d2b26def866a08?version=1"
    }
  }, {
    "type" : "eddi://ai.labs.httpcalls",
    "extensions" : { },
    "config" : {
      "uri" : "eddi://ai.labs.httpcalls/httpcallsstore/httpcalls/6298ed4ae5d2b26def866a09?version=1"
    }
  }, {
    "type" : "eddi://ai.labs.output",
    "extensions" : { },
    "config" : {
      "uri" : "eddi://ai.labs.output/outputstore/outputsets/6298ed4ae5d2b26def866a0a?version=1"
    }
  }, {
    "type" : "eddi://ai.labs.templating",
    "extensions" : { },
    "config" : { }
  } ]
}