{
  "outputSet" : [ {
    "action" : "vulgar_ending",
    "timesOccurred" : 0,
    "outputs" : [ {
      "type" : "text",
      "valueAlternatives" : [ "Too bad to use that word!" ]
    }, {
      "type" : "text",
      "valueAlternatives" : [ "I'm sorry, I've got to go now." ]
    }, {
      "type" : "text",
      "valueAlternatives" : [ "But before I go, I want you to know this: 'Happiness is like a butterfly: the more you chase it, the more it will elude you, but if you turn your attention to other things, it will come and sit softly on your shoulder.' - Henry David Thoreau" ]
    }, {
      "type" : "text",
      "valueAlternatives" : [ "See ya! 👋" ]
    }, {
      "type" : "text",
      "valueAlternatives" : [ "Sources of these tips include: WebMD, ..." ]
    } ],
    "quickReplies" : [ ]
  }, {
    "action" : "ending",
    "timesOccurred" : 0,
    "outputs" : [ {
      "type" : "text",
      "valueAlternatives" : [ "I'm sorry, I've got to go now." ]
    }, {
      "type" : "text",
      "valueAlternatives" : [ "But before I go, I want you to know this: 'Happiness is like a butterfly: the more you chase it, the more it will elude you, but if you turn your attention to other things, it will come and sit softly on your shoulder.' - Henry David Thoreau" ]
    }, {
      "type" : "text",
      "valueAlternatives" : [ "See ya! 👋" ]
    }, {
      "type" : "text",
      "valueAlternatives" : [ "Sources of these tips include: WebMD, ..." ]
    } ],
    "quickReplies" : [ ]
  }, {
    "action" : "vulgar_first_tip_no",
    "timesOccurred" : 0,
    "outputs" : [ {
      "type" : "text",
      "valueAlternatives" : [ "Too bad to use that word!" ]
    }, {
      "type" : "text",
      "valueAlternatives" : [ "You deserve to be happy! So free up your mind." ]
    }, {
      "type" : "text",
      "valueAlternatives" : [ "Try remembering reasons for which you should be happy." ]
    }, {
      "type" : "text",
      "valueAlternatives" : [ "Your handsome husband / beautiful wife, your children, you being alive now, your ability to read this! 😇" ]
    }, {
      "type" : "text",
      "valueAlternatives" : [ "Ain't you supposed to be happy?" ]
    } ],
    "quickReplies" : [ ]
  }, {
    "action" : "first_tip_no",
    "timesOccurred" : 0,
    "outputs" : [ {
      "type" : "text",
      "valueAlternatives" : [ "You deserve to be happy! So free up your mind." ]
    }, {
      "type" : "text",
      "valueAlternatives" : [ "Try remembering reasons for which you should be happy." ]
    }, {
      "type" : "text",
      "valueAlternatives" : [ "Your handsome husband / beautiful wife, your children, you being alive now, your ability to read this! 😇" ]
    }, {
      "type" : "text",
      "valueAlternatives" : [ "Ain't you supposed to be happy?" ]
    } ],
    "quickReplies" : [ ]
  }, {
    "action" : "vulgar_first_tip_yes",
    "timesOccurred" : 0,
    "outputs" : [ {
      "type" : "text",
      "valueAlternatives" : [ "Too bad to use that word!" ]
    }, {
      "type" : "text",
      "valueAlternatives" : [ "Try remembering reasons for which you should be happy." ]
    }, {
      "type" : "text",
      "valueAlternatives" : [ "Your handsome husband / beautiful wife, your children, you being alive now, your ability to read this! 😇" ]
    }, {
      "type" : "text",
      "valueAlternatives" : [ "Ain't you supposed to be happy?" ]
    } ],
    "quickReplies" : [ ]
  }, {
    "action" : "first_tip_yes",
    "timesOccurred" : 0,
    "outputs" : [ {
      "type" : "text",
      "valueAlternatives" : [ "Try remembering reasons for which you should be happy." ]
    }, {
      "type" : "text",
      "valueAlternatives" : [ "Your handsome husband / beautiful wife, your children, you being alive now, your ability to read this! 😇" ]
    }, {
      "type" : "text",
      "valueAlternatives" : [ "Ain't you supposed to be happy?" ]
    } ],
    "quickReplies" : [ ]
  }, {
    "action" : "vulgar_happiness_strategy_fifth",
    "timesOccurred" : 0,
    "outputs" : [ {
      "type" : "text",
      "valueAlternatives" : [ "Too bad to use that word!" ]
    }, {
      "type" : "text",
      "valueAlternatives" : [ " # 6: Foster Friendship" ]
    }, {
      "type" : "text",
      "valueAlternatives" : [ "There are few better antidotes to unhappiness than close friendships with people who care about you, says David G. Myers, author of The Pursuit of Happiness. One Australian study found that people over 70 who had the strongest network of friends lived much longer." ]
    }, {
      "type" : "text",
      "valueAlternatives" : [ "For next, simply type 'Next' ." ]
    } ],
    "quickReplies" : [ ]
  }, {
    "action" : "happiness_strategy_fifth",
    "timesOccurred" : 0,
    "outputs" : [ {
      "type" : "text",
      "valueAlternatives" : [ " # 6: Foster Friendship" ]
    }, {
      "type" : "text",
      "valueAlternatives" : [ "There are few better antidotes to unhappiness than close friendships with people who care about you, says David G. Myers, author of The Pursuit of Happiness. One Australian study found that people over 70 who had the strongest network of friends lived much longer." ]
    }, {
      "type" : "text",
      "valueAlternatives" : [ "For next, simply type 'Next' ." ]
    } ],
    "quickReplies" : [ ]
  }, {
    "action" : "vulgar_happiness_strategy_first",
    "timesOccurred" : 0,
    "outputs" : [ {
      "type" : "text",
      "valueAlternatives" : [ "Too bad to use that word!" ]
    }, {
      "type" : "text",
      "valueAlternatives" : [ " # 2: Cultivate gratitude" ]
    }, {
      "type" : "text",
      "valueAlternatives" : [ "In his book, Authentic Happiness, University of Pennsylvania psychologist Martin Seligman encourages readers to perform a daily 'gratitude exercise'. It involves listing a few things that make them grateful. This shifts people away from bitterness and despair, he says, and promotes happiness." ]
    }, {
      "type" : "text",
      "valueAlternatives" : [ "For next, simply type 'Next' ." ]
    } ],
    "quickReplies" : [ ]
  }, {
    "action" : "happiness_strategy_first",
    "timesOccurred" : 0,
    "outputs" : [ {
      "type" : "text",
      "valueAlternatives" : [ " # 2: Cultivate gratitude" ]
    }, {
      "type" : "text",
      "valueAlternatives" : [ "In his book, Authentic Happiness, University of Pennsylvania psychologist Martin Seligman encourages readers to perform a daily 'gratitude exercise'. It involves listing a few things that make them grateful. This shifts people away from bitterness and despair, he says, and promotes happiness." ]
    }, {
      "type" : "text",
      "valueAlternatives" : [ "For next, simply type 'Next' ." ]
    } ],
    "quickReplies" : [ ]
  }, {
    "action" : "vulgar_happiness_strategy_fourth",
    "timesOccurred" : 0,
    "outputs" : [ {
      "type" : "text",
      "valueAlternatives" : [ "Too bad to use that word!" ]
    }, {
      "type" : "text",
      "valueAlternatives" : [ " # 5: Remember, Money Can't Buy Happiness" ]
    }, {
      "type" : "text",
      "valueAlternatives" : [ "Research shows that once income climbs above the poverty level, more money brings very little extra happiness. Yet, 'we keep assuming that because things are not bringing us happiness, they are the wrong things, rather than recognizing that the pursuit itself is futile,' writes Daniel Gilbert in his book, Stumbling on Happiness. 'Regardless of what we achieve in the pursuit of stuff, it is never going to bring about an enduring state of happiness.'" ]
    }, {
      "type" : "text",
      "valueAlternatives" : [ "For next, simply type 'Next' ." ]
    } ],
    "quickReplies" : [ ]
  }, {
    "action" : "happiness_strategy_fourth",
    "timesOccurred" : 0,
    "outputs" : [ {
      "type" : "text",
      "valueAlternatives" : [ " # 5: Remember, Money Can't Buy Happiness" ]
    }, {
      "type" : "text",
      "valueAlternatives" : [ "Research shows that once income climbs above the poverty level, more money brings very little extra happiness. Yet, 'we keep assuming that because things are not bringing us happiness, they are the wrong things, rather than recognizing that the pursuit itself is futile,' writes Daniel Gilbert in his book, Stumbling on Happiness. 'Regardless of what we achieve in the pursuit of stuff, it is never going to bring about an enduring state of happiness.'" ]
    }, {
      "type" : "text",
      "valueAlternatives" : [ "For next, simply type 'Next' ." ]
    } ],
    "quickReplies" : [ ]
  }, {
    "action" : "vulgar_happiness_strategy_second",
    "timesOccurred" : 0,
    "outputs" : [ {
      "type" : "text",
      "valueAlternatives" : [ "Too bad to use that word!" ]
    }, {
      "type" : "text",
      "valueAlternatives" : [ " # 3:  Foster Forgiveness" ]
    }, {
      "type" : "text",
      "valueAlternatives" : [ "According to a research, holding a grudge and nursing grievances can affect physical as well as mental health. One way to curtail these kinds of feelings is to foster forgiveness. This reduces the power of bad events to create bitterness and resentment, say Michael McCullough and Robert Emmons, happiness researchers who edited The Psychology of Happiness." ]
    }, {
      "type" : "text",
      "valueAlternatives" : [ "For next, simply type 'Next' ." ]
    } ],
    "quickReplies" : [ ]
  }, {
    "action" : "happiness_strategy_second",
    "timesOccurred" : 0,
    "outputs" : [ {
      "type" : "text",
      "valueAlternatives" : [ " # 3:  Foster Forgiveness" ]
    }, {
      "type" : "text",
      "valueAlternatives" : [ "According to a research, holding a grudge and nursing grievances can affect physical as well as mental health. One way to curtail these kinds of feelings is to foster forgiveness. This reduces the power of bad events to create bitterness and resentment, say Michael McCullough and Robert Emmons, happiness researchers who edited The Psychology of Happiness." ]
    }, {
      "type" : "text",
      "valueAlternatives" : [ "For next, simply type 'Next' ." ]
    } ],
    "quickReplies" : [ ]
  }, {
    "action" : "vulgar_happiness_strategy_seventh",
    "timesOccurred" : 0,
    "outputs" : [ {
      "type" : "text",
      "valueAlternatives" : [ "Too bad to use that word!" ]
    }, {
      "type" : "text",
      "valueAlternatives" : [ "Finally," ]
    }, {
      "type" : "text",
      "valueAlternatives" : [ "It turns out that happiness can be a matter of choice -- not just luck. Some people are lucky enough to possess genes that foster happiness. However, certain thought patterns and interpersonal skills definitely foster happiness in their lives." ]
    }, {
      "type" : "text",
      "valueAlternatives" : [ "To end, simply type 'End' ." ]
    } ],
    "quickReplies" : [ ]
  }, {
    "action" : "happiness_strategy_seventh",
    "timesOccurred" : 0,
    "outputs" : [ {
      "type" : "text",
      "valueAlternatives" : [ "Finally," ]
    }, {
      "type" : "text",
      "valueAlternatives" : [ "It turns out that happiness can be a matter of choice -- not just luck. Some people are lucky enough to possess genes that foster happiness. However, certain thought patterns and interpersonal skills definitely foster happiness in their lives." ]
    }, {
      "type" : "text",
      "valueAlternatives" : [ "To end, simply type 'End' ." ]
    } ],
    "quickReplies" : [ ]
  }, {
    "action" : "vulgar_happiness_strategy_sixth",
    "timesOccurred" : 0,
    "outputs" : [ {
      "type" : "text",
      "valueAlternatives" : [ "Too bad to use that word!" ]
    }, {
      "type" : "text",
      "valueAlternatives" : [ " # 7:  Engage in Meaningful Activities" ]
    }, {
      "type" : "text",
      "valueAlternatives" : [ "People are seldom happier. To get more out of life, we need to put more into it, says Csikszentmihalyi. 'Active leisure that helps a person grow does not come easily,' he writes in Finding Flow. 'Each of the flow-producing activities requires an initial investment of attention before it begins to be enjoyable.' " ]
    }, {
      "type" : "text",
      "valueAlternatives" : [ "For next, simply type 'Next' ." ]
    } ],
    "quickReplies" : [ ]
  }, {
    "action" : "happiness_strategy_sixth",
    "timesOccurred" : 0,
    "outputs" : [ {
      "type" : "text",
      "valueAlternatives" : [ " # 7:  Engage in Meaningful Activities" ]
    }, {
      "type" : "text",
      "valueAlternatives" : [ "People are seldom happier. To get more out of life, we need to put more into it, says Csikszentmihalyi. 'Active leisure that helps a person grow does not come easily,' he writes in Finding Flow. 'Each of the flow-producing activities requires an initial investment of attention before it begins to be enjoyable.' " ]
    }, {
      "type" : "text",
      "valueAlternatives" : [ "For next, simply type 'Next' ." ]
    } ],
    "quickReplies" : [ ]
  }, {
    "action" : "vulgar_happiness_strategy_third",
    "timesOccurred" : 0,
    "outputs" : [ {
      "type" : "text",
      "valueAlternatives" : [ "Too bad to use that word!" ]
    }, {
      "type" : "text",
      "valueAlternatives" : [ " # 4: Counteract Negative Thoughts and Feelings" ]
    }, {
      "type" : "text",
      "valueAlternatives" : [ "As Jon Haidt puts it, improve your mental hygiene. In The Happiness Hypothesis, Haidt compares the mind to a man riding an elephant. The elephant represents the powerful thoughts and feelings -- mostly unconscious -- that drive your behavior. The man, although much weaker, can exert control over the elephant, just as you can exert control over negative thoughts and feelings. 'The key is a commitment to doing the things necessary to retrain the elephant,' Haidt says. 'And the evidence suggests there is a lot you can do. It just takes work.' For example, you can practice meditation, rhythmic breathing, yoga, or relaxation techniques to quell anxiety and promote serenity. You can learn to recognize and challenge thoughts you have about being inadequate and helpless." ]
    }, {
      "type" : "text",
      "valueAlternatives" : [ "For next, simply type 'Next' ." ]
    } ],
    "quickReplies" : [ ]
  }, {
    "action" : "happiness_strategy_third",
    "timesOccurred" : 0,
    "outputs" : [ {
      "type" : "text",
      "valueAlternatives" : [ " # 4: Counteract Negative Thoughts and Feelings" ]
    }, {
      "type" : "text",
      "valueAlternatives" : [ "As Jon Haidt puts it, improve your mental hygiene. In The Happiness Hypothesis, Haidt compares the mind to a man riding an elephant. The elephant represents the powerful thoughts and feelings -- mostly unconscious -- that drive your behavior. The man, although much weaker, can exert control over the elephant, just as you can exert control over negative thoughts and feelings. 'The key is a commitment to doing the things necessary to retrain the elephant,' Haidt says. 'And the evidence suggests there is a lot you can do. It just takes work.' For example, you can practice meditation, rhythmic breathing, yoga, or relaxation techniques to quell anxiety and promote serenity. You can learn to recognize and challenge thoughts you have about being inadequate and helpless." ]
    }, {
      "type" : "text",
      "valueAlternatives" : [ "For next, simply type 'Next' ." ]
    } ],
    "quickReplies" : [ ]
  }, {
    "action" : "vulgar_happy_no",
    "timesOccurred" : 0,
    "outputs" : [ {
      "type" : "text",
      "valueAlternatives" : [ "Too bad to use that word! Allow yourself to experience the inner happiness you deserve 👌👌" ]
    }, {
      "type" : "text",
      "valueAlternatives" : [ "Start by asking yourself this question: 'What do I want from life?' " ]
    }, {
      "type" : "text",
      "valueAlternatives" : [ "Answer by saying: 'I WANT HAPPINESS.' " ]
    }, {
      "type" : "text",
      "valueAlternatives" : [ "Ready for next step?" ]
    } ],
    "quickReplies" : [ ]
  }, {
    "action" : "happy_no",
    "timesOccurred" : 0,
    "outputs" : [ {
      "type" : "text",
      "valueAlternatives" : [ "Why did you visit then... Allow yourself to experience the inner happiness you deserve 👌👌" ]
    }, {
      "type" : "text",
      "valueAlternatives" : [ "Start by asking yourself this question: 'What do I want from life?' " ]
    }, {
      "type" : "text",
      "valueAlternatives" : [ "Answer by saying: 'I WANT HAPPINESS.' " ]
    }, {
      "type" : "text",
      "valueAlternatives" : [ "Ready for next step?" ]
    } ],
    "quickReplies" : [ ]
  }, {
    "action" : "vulgar_happy_yes",
    "timesOccurred" : 0,
    "outputs" : [ {
      "type" : "text",
      "valueAlternatives" : [ "Too bad to use that word! I'll assume that you are in for it!" ]
    }, {
      "type" : "text",
      "valueAlternatives" : [ "Start by asking yourself this question: 'What do I want from life?' " ]
    }, {
      "type" : "text",
      "valueAlternatives" : [ "Answer by saying: 'I WANT HAPPINESS.' " ]
    }, {
      "type" : "text",
      "valueAlternatives" : [ "Ready for next step?" ]
    } ],
    "quickReplies" : [ ]
  }, {
    "action" : "happy_yes",
    "timesOccurred" : 0,
    "outputs" : [ {
      "type" : "text",
      "valueAlternatives" : [ "You are in for it!" ]
    }, {
      "type" : "text",
      "valueAlternatives" : [ "Start by asking yourself this question: 'What do I want from life?' " ]
    }, {
      "type" : "text",
      "valueAlternatives" : [ "Answer by saying: 'I WANT HAPPINESS.' " ]
    }, {
      "type" : "text",
      "valueAlternatives" : [ "Ready for next step?" ]
    } ],
    "quickReplies" : [ ]
  }, {
    "action" : "vulgar_supposed_happy_no",
    "timesOccurred" : 0,
    "outputs" : [ {
      "type" : "text",
      "valueAlternatives" : [ "Too bad to use that word! C'mon! You are supposed to!" ]
    }, {
      "type" : "text",
      "valueAlternatives" : [ "I'm gonna take you through some strategy of happiness." ]
    }, {
      "type" : "text",
      "valueAlternatives" : [ " # 1: Don't Worry, Choose Happiness" ]
    }, {
      "type" : "text",
      "valueAlternatives" : [ "The first step is to make a conscious choice to boost your happiness. In his book, The Conquest of Happiness, published in 1930, the philosopher Bertrand Russell had this to say: 'Happiness is not, except in very rare cases, something that drops into the mouth, like a ripe fruit...'. 'Intention is the active desire and commitment to be happy' Someone wrote. 'It's the decision to consciously choose attitudes and behaviors that lead to happiness over unhappiness.' Bottom line: Choose to make happiness a top goal. " ]
    }, {
      "type" : "text",
      "valueAlternatives" : [ "For next, simply type 'Next' ." ]
    } ],
    "quickReplies" : [ ]
  }, {
    "action" : "supposed_happy_no",
    "timesOccurred" : 0,
    "outputs" : [ {
      "type" : "text",
      "valueAlternatives" : [ "C'mon! You are supposed to!" ]
    }, {
      "type" : "text",
      "valueAlternatives" : [ "I'm gonna take you through some strategy of happiness." ]
    }, {
      "type" : "text",
      "valueAlternatives" : [ " # 1: Don't Worry, Choose Happiness" ]
    }, {
      "type" : "text",
      "valueAlternatives" : [ "The first step is to make a conscious choice to boost your happiness. In his book, The Conquest of Happiness, published in 1930, the philosopher Bertrand Russell had this to say: 'Happiness is not, except in very rare cases, something that drops into the mouth, like a ripe fruit...'. 'Intention is the active desire and commitment to be happy' Someone wrote. 'It's the decision to consciously choose attitudes and behaviors that lead to happiness over unhappiness.' Bottom line: Choose to make happiness a top goal. " ]
    }, {
      "type" : "text",
      "valueAlternatives" : [ "For next, simply type 'Next' ." ]
    } ],
    "quickReplies" : [ ]
  }, {
    "action" : "vulgar_supposed_happy_yes",
    "timesOccurred" : 0,
    "outputs" : [ {
      "type" : "text",
      "valueAlternatives" : [ "Too bad to use that word!" ]
    }, {
      "type" : "text",
      "valueAlternatives" : [ "I'm gonna take you through some strategy of happiness." ]
    }, {
      "type" : "text",
      "valueAlternatives" : [ " # 1: Don't Worry, Choose Happiness" ]
    }, {
      "type" : "text",
      "valueAlternatives" : [ "For next, simply type 'Next' ." ]
    } ],
    "quickReplies" : [ ]
  }, {
    "action" : "supposed_happy_yes",
    "timesOccurred" : 0,
    "outputs" : [ {
      "type" : "text",
      "valueAlternatives" : [ "Youppy! 😂" ]
    }, {
      "type" : "text",
      "valueAlternatives" : [ "I'm gonna take you through some strategy of happiness." ]
    }, {
      "type" : "text",
      "valueAlternatives" : [ " # 1: Don't Worry, Choose Happiness" ]
    }, {
      "type" : "text",
      "valueAlternatives" : [ "For next, simply type 'Next' ." ]
    } ],
    "quickReplies" : [ ]
  }, {
    "action" : "vulgar_name",
    "timesOccurred" : 0,
    "outputs" : [ {
      "type" : "text",
      "valueAlternatives" : [ "Too bad to use that word! C'mon! You are supposed to!" ]
    }, {
      "type" : "text",
      "valueAlternatives" : [ "I'm gonna take you through some strategy of happiness." ]
    }, {
      "type" : "text",
      "valueAlternatives" : [ " # 1: Don't Worry, Choose Happiness" ]
    }, {
      "type" : "text",
      "valueAlternatives" : [ "The first step is to make a conscious choice to boost your happiness. In his book, The Conquest of Happiness, published in 1930, the philosopher Bertrand Russell had this to say: 'Happiness is not, except in very rare cases, something that drops into the mouth, like a ripe fruit...'. 'Intention is the active desire and commitment to be happy' Someone wrote. 'It's the decision to consciously choose attitudes and behaviors that lead to happiness over unhappiness.' Bottom line: Choose to make happiness a top goal. " ]
    }, {
      "type" : "text",
      "valueAlternatives" : [ "For next, simply type 'Next' ." ]
    } ],
    "quickReplies" : [ ]
  }, {
    "action" : "vulgar_name",
    "timesOccurred" : 0,
    "outputs" : [ {
      "type" : "text",
      "valueAlternatives" : [ "[(${memory.current.input})]! Is that supposed to be a name? 😉" ]
    }, {
      "type" : "text",
      "valueAlternatives" : [ "I wouldn't say that you ain't really happy. But I know that there may be room for improvement." ]
    }, {
      "type" : "text",
      "valueAlternatives" : [ "Ready for this tour to discovering greater happiness?" ]
    } ],
    "quickReplies" : [ ]
  }, {
    "action" : "name",
    "timesOccurred" : 0,
    "outputs" : [ {
      "type" : "text",
      "valueAlternatives" : [ "[(${memory.current.input})]! That's a good name. At least it makes sense than mine! 😉" ]
    }, {
      "type" : "text",
      "valueAlternatives" : [ "I wouldn't say that you ain't really happy. But I know that there may be room for improvement." ]
    }, {
      "type" : "text",
      "valueAlternatives" : [ "Ready for this tour to discovering greater happiness?" ]
    } ],
    "quickReplies" : [ ]
  }, {
    "action" : "welcome",
    "timesOccurred" : 0,
    "outputs" : [ {
      "type" : "text",
      "valueAlternatives" : [ "I'm hapBot, I will give you tips on how to be happier." ]
    }, {
      "type" : "text",
      "valueAlternatives" : [ "Might I know your name?" ]
    } ],
    "quickReplies" : [ ]
  } ]
}