{
  "packageExtensions" : [ {
    "type" : "eddi://ai.labs.parser",
    "extensions" : {
      "dictionaries" : [ ]
    },
    "config" : { }
  }, {
    "type" : "eddi://ai.labs.behavior",
    "extensions" : { },
    "config" : {
      "uri" : "eddi://ai.labs.behavior/behaviorstore/behaviorsets/66467a8dad0af3741e2c0091?version=1"
    }
  }, {
    "type" : "eddi://ai.labs.property",
    "extensions" : { },
    "config" : {
      "uri" : "eddi://ai.labs.property/propertysetterstore/propertysetters/66467a8dad0af3741e2c0094?version=1"
    }
  }, {
    "type" : "eddi://ai.labs.httpcalls",
    "extensions" : { },
    "config" : {
      "uri" : "eddi://ai.labs.httpcalls/httpcallsstore/httpcalls/66467a8dad0af3741e2c0093?version=1"
    }
  }, {
    "type" : "eddi://ai.labs.behavior",
    "extensions" : { },
    "config" : {
      "uri" : "eddi://ai.labs.behavior/behaviorstore/behaviorsets/66467a8dad0af3741e2c0092?version=1"
    }
  }, {
    "type" : "eddi://ai.labs.output",
    "extensions" : { },
    "config" : {
      "uri" : "eddi://ai.labs.output/outputstore/outputsets/66467a8dad0af3741e2c0095?version=1"
    }
  } ]
}