login,starred_at
"007lingqi","2026-04-17T02:32:01Z"
"0Darkn","2026-04-18T14:44:28Z"
"0x01001011","2023-09-25T10:08:47Z"
"0xBadMad","2025-11-22T01:18:34Z"
"1234579900987","2026-02-08T05:51:14Z"
"4vil4ric","2024-12-04T17:36:21Z"
"abdelgaid","2017-08-24T23:08:16Z"
"Abwasserrohr","2021-04-03T12:02:54Z"
"actstudios3","2024-08-21T11:14:29Z"
"aditee-c","2020-02-07T11:52:30Z"
"Adlinke","2024-08-08T10:56:53Z"
"afewvowels","2023-02-11T17:50:05Z"
"AgenticLev","2018-05-23T11:09:45Z"
"agodinhost","2017-08-02T18:49:51Z"
"ahmed1hsn","2022-07-25T21:06:02Z"
"ahochsteger","2018-05-18T11:52:24Z"
"aisabella-ai","2026-04-14T01:10:05Z"
"ajay-yug","2019-01-15T20:33:57Z"
"Akibur","2020-02-11T10:53:48Z"
"aland-zhang","2026-06-04T09:44:27Z"
"Alex009","2026-08-03T05:43:13Z"
"alexandercarlis2-dotcom","2026-03-27T18:09:46Z"
"alexgreensh","2026-03-14T20:42:35Z"
"alfredfrancis","2017-03-28T08:10:38Z"
"alihalabyah","2017-07-27T21:15:49Z"
"AlkaiDynamics","2026-08-23T21:38:26Z"
"almightyyeh","2018-07-10T16:38:46Z"
"alxbnct","2026-05-11T01:48:48Z"
"amarchenkov","2020-01-23T12:03:44Z"
"amustakim","2017-08-31T22:47:05Z"
"AndjelaAcic","2026-04-16T15:19:17Z"
"AndrewHogenson","2025-05-13T16:20:30Z"
"antelope7","2017-05-27T07:28:49Z"
"antonydevanchi","2019-10-03T19:31:21Z"
"AnuragSinghChaudhary","2020-02-13T09:23:04Z"
"Aoseala","2019-10-12T05:46:47Z"
"ApiCentraal","2026-05-21T18:47:06Z"
"Ari4ka","2026-04-22T19:52:34Z"
"armstrongl","2025-06-07T23:23:12Z"
"Arwanial","2023-06-29T02:22:52Z"
"ashimloves","2017-12-27T13:54:01Z"
"AsmaJamshidian","2026-04-26T05:00:52Z"
"asthinasthi","2022-01-30T04:58:55Z"
"athreyapatel","2020-03-09T11:39:02Z"
"AyazKhuraishi","2022-06-26T07:10:04Z"
"ayo-dele-akin","2022-07-23T00:07:38Z"
"Ayokanmi-Adejola","2026-04-24T09:17:39Z"
"b-antosik-marcura","2026-05-11T18:23:34Z"
"badgeek","2023-11-17T16:23:37Z"
"balachandarsv","2018-09-03T12:55:38Z"
"bandar-m","2026-06-17T14:21:15Z"
"BanGyJ","2024-08-12T10:26:18Z"
"Battlefield-Art","2026-07-27T18:43:56Z"
"benoitliard","2018-09-28T13:48:51Z"
"Berlinebot","2018-11-14T09:02:12Z"
"bigloudjeff","2022-06-02T14:27:43Z"
"bikash","2017-06-01T19:15:34Z"
"bjoseph1","2018-10-11T00:26:30Z"
"Blackxin","2022-08-18T21:32:48Z"
"bmuslih","2023-05-28T21:48:40Z"
"Bobyyy70","2026-04-20T18:24:56Z"
"bonehead","2019-09-23T08:35:32Z"
"boris-chervenkov","2017-08-17T10:58:54Z"
"borisbsu","2022-11-22T12:06:53Z"
"brunotech","2021-10-22T04:11:20Z"
"bs1180","2017-02-28T09:26:48Z"
"cainiao1989","2018-03-07T12:12:19Z"
"CarAuto34","2026-04-21T10:47:12Z"
"Cardosao","2019-06-11T03:34:31Z"
"CartoonFan","2020-06-09T06:00:12Z"
"carvalhochris","2026-06-18T19:36:20Z"
"ChangYH31","2026-06-01T17:44:02Z"
"charithharshana","2026-05-11T15:59:25Z"
"CharlesCreativeContent","2026-04-25T01:48:32Z"
"CharlieCortial","2024-11-03T20:50:30Z"
"chernistry","2024-07-28T08:02:48Z"
"ChrisKeck","2018-09-15T10:38:32Z"
"chrisparkernz","2026-04-17T02:29:22Z"
"clarkliu1314","2017-10-18T15:06:49Z"
"clsource","2026-07-08T19:43:03Z"
"codespearhead","2024-03-14T13:00:54Z"
"cogmeta","2019-05-31T18:43:05Z"
"composite","2018-12-27T05:57:50Z"
"corner4world","2021-08-08T14:42:44Z"
"Cr0nFixXx","2026-04-27T17:39:37Z"
"cristiannegru","2026-04-17T19:21:00Z"
"CRMbyRSM","2026-04-17T17:07:54Z"
"cwcheak","2022-07-10T06:00:54Z"
"dandymi","2026-05-07T20:56:21Z"
"danstod","2019-05-17T19:05:31Z"
"dariatsvetkovay","2022-08-18T00:57:35Z"
"dariusx63-netizen","2026-04-16T18:09:52Z"
"darvid","2023-10-29T07:15:15Z"
"davgit","2023-01-02T04:55:22Z"
"davidkpiano","2026-04-25T14:13:02Z"
"davidldennison","2024-07-09T11:34:49Z"
"davidmann4","2016-10-14T11:23:44Z"
"DavidScheers","2018-07-11T09:57:55Z"
"dediwsn","2022-08-03T06:57:03Z"
"Delby3","2023-08-08T09:27:54Z"
"deltacodepl","2025-05-15T09:51:09Z"
"DevJiny","2021-03-05T05:18:40Z"
"dfberg","2017-07-13T17:17:46Z"
"dgks0n","2017-09-27T07:47:58Z"
"dhgrahnert","2024-06-11T10:27:23Z"
"diabymohamed","2018-05-07T19:44:51Z"
"Dimaspb24","2023-12-03T16:03:56Z"
"dkapt","2025-10-04T18:37:35Z"
"DoddiC","2026-04-17T02:21:23Z"
"donsn","2022-12-01T11:01:03Z"
"dopoljak","2025-02-28T07:31:08Z"
"douglascamata","2022-07-21T17:14:42Z"
"drvaya","2020-12-28T09:54:00Z"
"Duang777","2026-08-25T01:35:19Z"
"durran-kelly","2026-04-18T04:31:28Z"
"dylanbeadle","2026-04-17T21:51:27Z"
"DylanMerigaud","2025-06-04T17:37:30Z"
"ecki","2018-03-08T05:30:20Z"
"Ecoent","2018-12-26T16:35:24Z"
"eddi-gcp","2019-06-04T10:16:43Z"
"edeandrea","2022-07-20T18:54:22Z"
"eflogic","2019-05-06T18:01:20Z"
"electrobabe","2016-10-14T11:48:12Z"
"EmperorJesus","2023-03-08T13:30:43Z"
"endre82","2026-04-15T14:41:47Z"
"EnKai13","2026-08-24T03:57:09Z"
"esteban389","2026-07-23T01:05:14Z"
"Eunit99","2022-05-08T15:58:36Z"
"evanchooly","2022-10-24T15:48:30Z"
"fabioparra","2019-05-30T12:50:50Z"
"fangweiwei","2020-02-26T02:39:49Z"
"favor-ui","2024-08-07T15:45:28Z"
"felipebraga","2018-06-18T19:38:33Z"
"FernandoHidalg0","2018-07-05T18:47:43Z"
"fishdontfly","2024-09-13T16:24:31Z"
"followdeKlerk","2023-09-27T18:07:17Z"
"fowfofnsnsaofi","2025-03-31T12:01:39Z"
"franz-fletcher","2026-04-25T21:48:15Z"
"freestrylok","2025-06-18T03:26:54Z"
"fweber67","2026-03-26T13:12:56Z"
"galderz","2022-07-25T11:18:50Z"
"Geargrindadmin","2026-05-11T06:16:43Z"
"gEndelf","2018-04-01T04:39:21Z"
"ghosthamlet","2018-06-03T08:39:27Z"
"Gilv-OSS","2026-05-11T13:51:22Z"
"ginccc","2023-07-28T18:43:19Z"
"git001","2018-04-19T13:34:44Z"
"GitHub7667","2026-05-03T21:40:30Z"
"GokcerBelgusen","2017-10-07T21:04:08Z"
"gongdaocai","2019-08-02T20:05:42Z"
"gravmatt","2016-10-19T07:30:39Z"
"grexe","2019-02-22T14:56:03Z"
"Gringo2","2026-04-28T12:04:19Z"
"gsuveg","2018-06-25T20:40:24Z"
"hansuke","2024-09-07T10:27:34Z"
"Happyjainmatigarg","2025-11-24T20:55:42Z"
"happyshows","2018-11-27T15:53:55Z"
"HectorIFC","2020-06-16T18:08:13Z"
"HenryMogollon","2026-06-03T00:51:04Z"
"hesller","2026-05-10T13:27:46Z"
"hn1e13","2025-01-17T04:06:46Z"
"HudsonShi","2026-04-21T03:09:41Z"
"huytmb","2023-07-09T08:00:13Z"
"Iankulani","2026-04-19T15:32:33Z"
"ibakayoko","2017-09-26T20:14:53Z"
"igorcpc","2022-07-20T19:03:35Z"
"IlyaRakov","2018-10-29T06:31:35Z"
"ImpossibleK8","2020-05-02T01:17:09Z"
"inpayne1980","2026-04-20T22:39:43Z"
"ipolushin","2019-07-14T16:27:42Z"
"iproxyhub","2020-11-21T05:43:30Z"
"Jabberwocky1989","2026-06-14T06:04:01Z"
"jacky-cyber","2017-12-08T06:39:32Z"
"jagelta","2026-05-01T06:08:57Z"
"jamalansari84","2019-05-15T20:09:42Z"
"JarrodAI","2026-07-04T09:08:15Z"
"jbarber0","2026-04-19T05:55:25Z"
"jeans","2017-03-09T11:28:20Z"
"jeansweden","2025-04-18T23:46:20Z"
"jeffersongoncalves","2026-06-26T15:24:01Z"
"jerrychen777","2026-02-07T15:04:11Z"
"jiebingyu","2026-05-12T19:38:19Z"
"JJ","2020-01-15T07:40:10Z"
"jj1985","2026-03-14T00:52:53Z"
"jmartisk","2022-05-25T05:55:28Z"
"JMLogs","2024-05-12T01:21:52Z"
"Jnster","2018-10-16T06:34:03Z"
"JokeSanchez","2020-11-02T21:30:00Z"
"jonakiaktar7739-dev","2026-08-14T06:39:51Z"
"jorgenakagawa","2017-08-24T01:29:31Z"
"jsteggink","2017-05-23T14:01:48Z"
"juilin","2018-12-05T17:10:43Z"
"juliocamposmachado","2022-07-20T19:47:37Z"
"justicelee","2024-12-22T01:06:25Z"
"justin-malonson","2024-06-17T04:48:28Z"
"jusva","2019-08-14T16:49:42Z"
"kctdfh","2017-09-18T23:12:04Z"
"kinhtkblbp","2024-10-18T09:13:24Z"
"kittylyst","2022-07-20T17:56:21Z"
"klemensz","2016-12-29T10:57:59Z"
"KostasSliazas","2026-04-21T01:54:16Z"
"krishnakanthpps","2017-08-30T08:20:19Z"
"ksh5","2024-09-20T09:26:45Z"
"kumarivin","2019-04-24T17:47:34Z"
"Kurukshetran","2018-06-04T11:05:57Z"
"Labout","2026-04-16T20:31:54Z"
"larralapid","2024-05-15T21:55:16Z"
"LastEld","2026-04-23T12:14:36Z"
"lawdlgleo","2024-08-25T02:43:57Z"
"Leo-cto","2024-04-08T15:18:59Z"
"liujuanjuan1984","2026-04-01T02:31:18Z"
"liuyongde","2020-01-09T01:52:04Z"
"LixcAlone","2023-01-31T13:22:11Z"
"liyuankui","2017-11-27T11:09:34Z"
"locomoki","2026-04-02T12:31:18Z"
"longtran84","2018-07-27T11:31:39Z"
"loofahcus","2022-01-17T03:07:23Z"
"LorenzaVolponi","2024-03-19T20:42:45Z"
"lost22git","2022-07-24T17:53:18Z"
"lulzzz","2018-07-05T20:52:24Z"
"lzpfmh","2020-03-05T02:02:47Z"
"Madsn","2026-05-03T18:45:14Z"
"mafrahim","2017-07-25T18:07:21Z"
"mahmoudimus","2018-04-17T10:58:48Z"
"manolaz","2017-05-23T09:02:49Z"
"marctmiller","2018-08-25T07:08:52Z"
"marcusteixeira","2020-12-29T00:54:38Z"
"mariuszrzepka","2025-06-21T16:21:00Z"
"martinellimarco","2026-08-24T23:22:03Z"
"matheusandre1","2026-06-10T17:25:01Z"
"MatthiasNicolai","2017-11-20T12:14:07Z"
"maysaraanalyst","2024-06-25T05:41:11Z"
"mboiman","2019-09-07T14:37:42Z"
"mendicott","2018-09-25T06:58:34Z"
"merteroglu","2017-09-07T19:09:54Z"
"mfrager","2021-05-05T04:46:28Z"
"mgrmek","2020-12-16T11:02:14Z"
"mhussain0077","2023-06-01T12:30:57Z"
"michaelbrave","2017-08-13T04:17:27Z"
"MilleniumSpark","2023-07-12T22:51:12Z"
"MilosHavranek","2022-11-02T11:31:29Z"
"Mistobaan","2018-02-21T08:25:41Z"
"mldsqc","2017-04-23T19:28:05Z"
"mohnkhan","2018-05-15T21:01:03Z"
"moveguru","2023-05-09T02:12:33Z"
"MrBogomips","2026-04-28T20:46:20Z"
"MrEAlderson","2022-07-20T22:31:39Z"
"mrmx","2018-09-25T10:01:47Z"
"muflhi001","2023-05-19T02:40:33Z"
"mullerhai","2025-01-04T07:11:50Z"
"n-tranced","2025-01-23T20:00:22Z"
"neocph","2026-05-11T16:49:38Z"
"netguycode","2024-03-14T23:09:21Z"
"nicolaseschneider","2019-05-31T14:21:02Z"
"niedch","2026-04-17T04:06:39Z"
"nikzasel","2025-04-08T23:15:23Z"
"NIZAMBAO","2020-06-26T11:21:45Z"
"Nunalves","2022-10-23T23:39:56Z"
"nyimbi","2022-04-07T06:20:56Z"
"OAWSpace","2019-10-10T10:33:21Z"
"OfficialDarkComet","2019-09-30T15:41:32Z"
"omidp","2022-10-26T08:44:17Z"
"Orfeous","2019-03-15T00:41:05Z"
"ouaibsky","2017-11-14T16:19:13Z"
"perervaivan","2019-10-09T21:31:34Z"
"perfmjs","2020-04-17T06:14:21Z"
"peteanusergiu","2016-10-20T15:48:25Z"
"peterclemenko","2021-05-15T23:13:40Z"
"PeterParkette","2023-05-12T13:10:28Z"
"petitroto","2018-06-27T07:09:46Z"
"PhantomYdn","2017-10-23T23:28:31Z"
"pikapumpkin","2019-06-10T19:25:07Z"
"PingPingNothing","2023-06-24T05:01:57Z"
"PipeCito","2019-07-10T14:48:53Z"
"pochadri","2023-11-20T06:44:53Z"
"prasanthrj","2017-08-09T05:32:29Z"
"provpup","2018-11-20T07:05:52Z"
"psbots","2019-02-09T07:54:54Z"
"pu55yf3r","2020-12-07T09:42:17Z"
"qdriven","2024-07-15T17:20:23Z"
"qhoekman","2026-04-16T18:25:31Z"
"qiulin","2021-02-04T02:46:54Z"
"rafaelpsouza","2019-05-20T00:30:30Z"
"Raygooo","2026-04-21T03:24:04Z"
"reallyticsai","2026-04-17T09:11:27Z"
"reignsi","2026-05-06T19:01:03Z"
"reinhardtdecofurnsa","2026-04-04T12:43:10Z"
"retrofly2210","2021-06-28T01:36:03Z"
"RexHammack","2026-07-06T08:46:12Z"
"rgururaj","2026-05-11T09:41:19Z"
"richharms","2025-01-22T20:13:02Z"
"rod-gurgel","2025-05-01T17:43:43Z"
"rolandpickl","2019-05-16T06:56:10Z"
"roscopecoltran","2017-05-19T14:54:32Z"
"rucka","2019-02-09T08:43:54Z"
"saminfante","2019-08-27T06:43:04Z"
"sannpeterson","2019-08-13T15:33:26Z"
"sats","2019-02-07T11:56:51Z"
"saw303","2016-12-03T06:02:16Z"
"sccvn","2024-09-25T15:53:59Z"
"schoerg","2017-05-09T06:54:23Z"
"shengkai","2019-03-31T21:13:22Z"
"shygoat","2026-08-13T10:44:14Z"
"siepkes","2019-05-06T08:03:17Z"
"skazo4nick","2024-03-05T08:34:25Z"
"sld","2020-08-18T10:19:35Z"
"smqd19","2026-04-28T10:28:18Z"
"socaseinpoint","2026-05-14T19:17:48Z"
"softwareengineer-imerjr","2021-10-05T18:42:48Z"
"sorayuth-pep","2025-07-02T09:08:31Z"
"soulasuna","2019-09-03T22:44:29Z"
"spiritualbaddie8888","2025-09-18T22:39:11Z"
"sponnusa","2018-02-13T05:09:25Z"
"spring9978","2026-04-10T06:37:59Z"
"spydaz","2023-02-09T09:54:01Z"
"Stars1233","2026-04-28T15:03:03Z"
"Steake","2026-05-13T21:23:47Z"
"stevetooe","2018-03-17T08:02:46Z"
"strategicallynicole","2019-06-11T01:38:31Z"
"sue602","2019-05-31T06:34:39Z"
"Sulfikar","2019-10-25T06:25:37Z"
"SuperInstance","2026-05-25T16:38:42Z"
"SzymonSmykala","2019-03-23T10:40:05Z"
"taketoday7","2024-05-12T04:07:15Z"
"teamgroove","2026-04-22T19:32:40Z"
"tellbin","2022-01-13T06:22:07Z"
"the01","2017-05-02T18:18:46Z"
"threefoldo","2018-09-23T01:14:17Z"
"tkersey","2026-04-16T16:39:05Z"
"ToanPV90","2023-04-06T03:38:00Z"
"toasterman234","2026-04-18T03:27:38Z"
"tortuvshin","2019-03-30T15:24:03Z"
"treyperry","2022-10-15T00:13:47Z"
"trilok-gslab","2017-05-15T11:07:53Z"
"tspannhw","2017-09-11T16:45:31Z"
"tuanductran","2023-07-29T22:40:57Z"
"tutorial0","2026-04-17T06:56:33Z"
"tuyucheng123","2026-06-24T08:15:29Z"
"tuyucheng7","2023-08-26T13:57:16Z"
"tuyucheng777","2024-06-23T08:03:03Z"
"uberto","2018-04-06T14:17:13Z"
"usinglight","2018-06-15T12:13:09Z"
"usmc2033","2025-02-27T19:14:26Z"
"utzcoz","2020-05-11T09:48:06Z"
"uxblonde","2026-04-21T10:44:36Z"
"virgilhuang","2020-09-08T02:42:52Z"
"VoidedMuse","2021-03-15T09:56:25Z"
"warp-x","2018-12-11T11:28:44Z"
"Wassef-Chebbi","2025-07-01T14:32:42Z"
"weberf67","2018-12-09T20:11:29Z"
"willyd61","2025-02-23T01:00:53Z"
"witoldgraca","2019-03-29T00:17:08Z"
"WUZHUHE38","2025-11-09T11:20:28Z"
"wwwcojp","2018-04-18T03:34:13Z"
"xcity","2018-03-27T14:08:35Z"
"yaasiinmd1","2026-05-09T22:41:48Z"
"yfeng","2026-05-12T15:26:01Z"
"yngang8023","2026-06-06T01:53:34Z"
"yongshengzhucn","2023-07-27T02:50:16Z"
"yourfrienddhruv","2019-03-07T19:33:44Z"
"yusufcakmakk","2019-05-03T13:32:34Z"
"zacKolton","2021-04-20T02:41:35Z"
"Zarathos94","2017-12-26T01:37:57Z"
"Zasch","2022-07-21T06:49:50Z"
"zeyangjia1","2026-08-24T09:59:23Z"
"zhiphe","2017-09-02T13:44:58Z"
"ZhReimu","2021-09-06T07:42:10Z"
"zhutopian","2016-11-24T02:54:49Z"
"zikani03","2021-05-19T00:05:19Z"
"zubidigital","2023-06-09T21:45:14Z"
