{
  "packageExtensions" : [ {
    "type" : "eddi://ai.labs.parser",
    "extensions" : {
      "dictionaries" : [ ]
    },
    "config" : { }
  }, {
    "type" : "eddi://ai.labs.behavior",
    "extensions" : { },
    "config" : {
      "uri" : "eddi://ai.labs.behavior/behaviorstore/behaviorsets/6648ac0d43e9b55e01e00013?version=1"
    }
  }, {
    "type" : "eddi://ai.labs.property",
    "extensions" : { },
    "config" : {
      "uri" : "eddi://ai.labs.property/propertysetterstore/propertysetters/6648ac0d43e9b55e01e00016?version=1"
    }
  }, {
    "type" : "eddi://ai.labs.httpcalls",
    "extensions" : { },
    "config" : {
      "uri" : "eddi://ai.labs.httpcalls/httpcallsstore/httpcalls/6648ac0d43e9b55e01e00015?version=1"
    }
  }, {
    "type" : "eddi://ai.labs.behavior",
    "extensions" : { },
    "config" : {
      "uri" : "eddi://ai.labs.behavior/behaviorstore/behaviorsets/6648ac0d43e9b55e01e00014?version=1"
    }
  }, {
    "type" : "eddi://ai.labs.output",
    "extensions" : { },
    "config" : {
      "uri" : "eddi://ai.labs.output/outputstore/outputsets/6648ac0d43e9b55e01e00017?version=1"
    }
  } ]
}