{
  "setOnActions" : [ {
    "actions" : [ "ask_for_gemini_model_id" ],
    "setProperties" : [ {
      "name" : "publisher",
      "valueString" : "[[${memory.current.input}]]",
      "scope" : "conversation",
      "fromObjectPath" : "",
      "toObjectPath" : "",
      "convertToObject" : false,
      "override" : true,
      "runOnValidationError" : false
    } ]
  }, {
    "actions" : [ "ask_for_gemini_temperature" ],
    "setProperties" : [ {
      "name" : "modelId",
      "valueString" : "[[${memory.current.input}]]",
      "scope" : "conversation",
      "fromObjectPath" : "",
      "toObjectPath" : "",
      "convertToObject" : false,
      "override" : true,
      "runOnValidationError" : false
    } ]
  }, {
    "actions" : [ "ask_for_gemini_timeout" ],
    "setProperties" : [ {
      "name" : "temperature",
      "valueString" : "[[${memory.current.input}]]",
      "scope" : "conversation",
      "fromObjectPath" : "",
      "toObjectPath" : "",
      "convertToObject" : false,
      "override" : true,
      "runOnValidationError" : false
    } ]
  }, {
    "actions" : [ "ask_for_bot_creation_confirmation_for_gemini" ],
    "setProperties" : [ {
      "name" : "timeout",
      "valueString" : "[[${memory.current.input}]]",
      "scope" : "conversation",
      "fromObjectPath" : "",
      "toObjectPath" : "",
      "convertToObject" : false,
      "override" : true,
      "runOnValidationError" : false
    } ]
  } ]
}