{
  "setOnActions" : [ {
    "actions" : [ "set_model_name" ],
    "setProperties" : [ {
      "name" : "modelName",
      "valueString" : "[[${memory.current.input}]]",
      "scope" : "conversation",
      "fromObjectPath" : "",
      "toObjectPath" : "",
      "convertToObject" : false,
      "override" : true,
      "runOnValidationError" : false
    } ]
  }, {
    "actions" : [ "set_auth_token" ],
    "setProperties" : [ {
      "name" : "authToken",
      "valueString" : "[[${memory.current.input}]]",
      "scope" : "conversation",
      "fromObjectPath" : "",
      "toObjectPath" : "",
      "convertToObject" : false,
      "override" : true,
      "runOnValidationError" : false
    } ]
  }, {
    "actions" : [ "set_temperature" ],
    "setProperties" : [ {
      "name" : "temperature",
      "valueString" : "[[${memory.current.input}]]",
      "scope" : "conversation",
      "fromObjectPath" : "",
      "toObjectPath" : "",
      "convertToObject" : false,
      "override" : true,
      "runOnValidationError" : false
    } ]
  } ]
}