{
  "expressionsAsActions" : true,
  "behaviorGroups" : [ {
    "behaviorRules" : [ {
      "name" : "Start by asking for model name",
      "actions" : [ "ask_for_jlama_model_name" ],
      "conditions" : [ {
        "type" : "actionmatcher",
        "configs" : {
          "actions" : "create_jlama_bot",
          "occurrence" : "currentStep"
        }
      } ]
    }, {
      "name" : "Set model name and ask for authentication token",
      "actions" : [ "set_model_name", "ask_for_jlama_auth_token" ],
      "conditions" : [ {
        "type" : "actionmatcher",
        "configs" : {
          "actions" : "ask_for_jlama_model_name",
          "occurrence" : "lastStep"
        }
      }, {
        "type" : "inputmatcher",
        "configs" : {
          "expressions" : "*",
          "occurrence" : "currentStep"
        }
      } ]
    }, {
      "name" : "Set authentication token and ask for temperature",
      "actions" : [ "set_auth_token", "ask_for_jlama_temperature" ],
      "conditions" : [ {
        "type" : "actionmatcher",
        "configs" : {
          "actions" : "ask_for_jlama_auth_token",
          "occurrence" : "lastStep"
        }
      } ]
    }, {
      "name" : "Set temperature and ask for bot creation confirmation",
      "actions" : [ "set_temperature", "ask_for_bot_creation_confirmation_for_jlama" ],
      "conditions" : [ {
        "type" : "actionmatcher",
        "configs" : {
          "actions" : "ask_for_jlama_temperature",
          "occurrence" : "lastStep"
        }
      }, {
        "type" : "inputmatcher",
        "configs" : {
          "expressions" : "*",
          "occurrence" : "currentStep"
        }
      } ]
    }, {
      "name" : "Confirm and create bot",
      "actions" : [ "create_properties_for_jlama", "create_behavior_rules_for_jlama", "create_langchain_jlama", "create_output_for_jlama", "create_package_for_jlama", "create_bot_for_jlama", "deploy_bot_for_jlama", "CONVERSATION_END" ],
      "conditions" : [ {
        "type" : "inputmatcher",
        "configs" : {
          "expressions" : "orchestrate_create_bot_for_jlama"
        }
      } ]
    } ]
  } ]
}