{
  "behaviorGroups" : [ {
    "name" : "Default",
    "executionStrategy" : "executeAll",
    "behaviorRules" : [ {
      "name" : "Show Global Menu",
      "actions" : [ "global_menu" ],
      "conditions" : [ {
        "type" : "negation",
        "configs" : { },
        "conditions" : [ {
          "type" : "inputmatcher",
          "configs" : {
            "expressions" : "*",
            "occurrence" : "currentStep"
          },
          "conditions" : [ ]
        } ]
      }, {
        "type" : "negation",
        "configs" : { },
        "conditions" : [ {
          "type" : "contextmatcher",
          "configs" : {
            "contextKey" : "onboardingOfUser",
            "contextType" : "string",
            "string" : "true"
          },
          "conditions" : [ ]
        } ]
      } ]
    } ]
  }, {
    "name" : "Smalltalk",
    "behaviorRules" : [ {
      "name" : "Greeting",
      "actions" : [ "greet" ],
      "conditions" : [ {
        "type" : "inputmatcher",
        "configs" : {
          "expressions" : "greeting(*)",
          "occurrence" : "currentStep"
        }
      } ]
    }, {
      "name" : "Goodbye",
      "actions" : [ "say_goodbye" ],
      "conditions" : [ {
        "type" : "inputmatcher",
        "configs" : {
          "expressions" : "goodbye(*)",
          "occurrence" : "currentStep"
        }
      } ]
    }, {
      "name" : "TVMenu",
      "actions" : [ "open_tv_menu" ],
      "conditions" : [ {
        "type" : "inputmatcher",
        "configs" : {
          "expressions" : "trigger(tv_menu)"
        }
      } ]
    }, {
      "name" : "MovieMenu",
      "actions" : [ "open_movie_menu" ],
      "conditions" : [ {
        "type" : "inputmatcher",
        "configs" : {
          "expressions" : "trigger(movie_menu)"
        }
      } ]
    }, {
      "name" : "SearchTVPrompt",
      "actions" : [ "tv_search_prompt" ],
      "conditions" : [ {
        "type" : "inputmatcher",
        "configs" : {
          "expressions" : "trigger(show_title)"
        }
      } ]
    }, {
      "name" : "SearchTVHTTP",
      "actions" : [ "tvSearch", "CONVERSATION_END" ],
      "conditions" : [ {
        "type" : "inputmatcher",
        "configs" : {
          "expressions" : "trigger(show_title)",
          "occurrence" : "lastStep"
        }
      } ]
    }, {
      "name" : "SearchMoviePrompt",
      "actions" : [ "movie_search_prompt" ],
      "conditions" : [ {
        "type" : "inputmatcher",
        "configs" : {
          "expressions" : "trigger(movie_title)"
        }
      } ]
    }, {
      "name" : "tvPopular",
      "actions" : [ "tvPopular", "CONVERSATION_END" ],
      "conditions" : [ {
        "type" : "inputmatcher",
        "configs" : {
          "expressions" : "trigger(tvPopular)"
        }
      } ]
    }, {
      "name" : "moviePopular",
      "actions" : [ "moviePopular", "CONVERSATION_END" ],
      "conditions" : [ {
        "type" : "inputmatcher",
        "configs" : {
          "expressions" : "trigger(moviePopular)"
        }
      } ]
    }, {
      "name" : "SearchMovieHTTP",
      "actions" : [ "searchMovies", "CONVERSATION_END" ],
      "conditions" : [ {
        "type" : "inputmatcher",
        "configs" : {
          "expressions" : "trigger(movie_title)",
          "occurrence" : "lastStep"
        }
      } ]
    } ]
  } ]
}