{
  "outputSet" : [ {
    "action" : "welcome",
    "timesOccurred" : 0,
    "outputs" : [ {
      "valueAlternatives" : [ {
        "type" : "text",
        "text" : "Hello [[${userInfo.username}]]\nI am the latest and greatest AI shizniz you gonna come across any time soon 😄"
      } ]
    }, {
      "valueAlternatives" : [ {
        "type" : "text",
        "text" : "Nice to meetcha!"
      } ]
    }, {
      "valueAlternatives" : [ {
        "type" : "text",
        "text" : "Wanna no know about my skillz?? 😎"
      } ]
    } ],
    "quickReplies" : [ {
      "value" : "Sure, tell me more",
      "expressions" : "confirmation(show_skills)",
      "default" : false
    }, {
      "value" : "Na, skip this shit",
      "expressions" : "cancel(show_skills)",
      "default" : false
    } ]
  }, {
    "action" : "show_skills",
    "timesOccurred" : 0,
    "outputs" : [ {
      "valueAlternatives" : [ {
        "type" : "text",
        "text" : "Listen, this is my first feature.."
      } ]
    }, {
      "valueAlternatives" : [ {
        "type" : "text",
        "text" : "this is how you can use it ......"
      } ]
    }, {
      "valueAlternatives" : [ {
        "type" : "text",
        "text" : "Want me to show you another of my skillz?!"
      } ]
    } ],
    "quickReplies" : [ {
      "value" : "Sure, buddy",
      "expressions" : "confirmation(show_skills)",
      "default" : false
    }, {
      "value" : "Nope, fuck this shit",
      "expressions" : "cancel(show_skills)",
      "default" : false
    } ]
  }, {
    "action" : "show_skills",
    "timesOccurred" : 1,
    "outputs" : [ {
      "valueAlternatives" : [ {
        "type" : "text",
        "text" : "ok, buddy, here is my second feature, since you can't seem to get enough of my awesome collection of skillz.."
      } ]
    }, {
      "valueAlternatives" : [ {
        "type" : "text",
        "text" : "Get it? Got it? Gooood!!"
      } ]
    } ],
    "quickReplies" : [ {
      "value" : "Yeah, I got it",
      "expressions" : "continue(end_of_onboarding)",
      "default" : false
    } ]
  }, {
    "action" : "end_of_onboarding",
    "timesOccurred" : 0,
    "outputs" : [ {
      "valueAlternatives" : [ {
        "type" : "text",
        "text" : "Let me give you one last advice."
      } ]
    }, {
      "valueAlternatives" : [ {
        "type" : "text",
        "text" : "Bots never make mistakes, so if something doesn't work - be sure it's your fault 🤣"
      } ]
    } ],
    "quickReplies" : [ ]
  } ]
}