{
  "targetServerUrl" : "http://localhost:7070",
  "httpCalls" : [ {
    "name" : "Create properties",
    "actions" : [ "create_properties" ],
    "saveResponse" : true,
    "responseObjectName" : "EDDIResponse",
    "responseHeaderObjectName" : "EDDIResponseHeader",
    "fireAndForget" : false,
    "isBatchCalls" : false,
    "request" : {
      "path" : "/propertysetterstore/propertysetters",
      "headers" : { },
      "queryParams" : { },
      "method" : "post",
      "contentType" : "application/json",
      "body" : "{\"setOnActions\":[{\"actions\":[\"CONVERSATION_START\"],\"setProperties\":[{\"name\":\"chatGptApi\",\"valueString\":\"[(${properties.chatGptApi})]\",\"scope\":\"conversation\",\"override\":true},{\"name\":\"chatGptModel\",\"valueString\":\"[(${properties.chatGptModel})]\",\"scope\":\"conversation\",\"override\":true},{\"name\":\"chatGptToken\",\"valueString\":\"[(${properties.chatGptToken})]\",\"scope\":\"conversation\",\"override\":true},{\"name\":\"chatGptSystemPrompt\",\"valueString\":\"[(${properties.botPurpose})]\",\"scope\":\"conversation\",\"override\":true},{\"name\":\"chatGptIntroPrompt\",\"valueString\":\"[(${properties.chatGptIntroPrompt})]\",\"scope\":\"conversation\",\"override\":true}]}]}"
    },
    "postResponse" : {
      "retryHttpCallInstruction" : {
        "maxRetries" : 3,
        "exponentialBackoffDelayInMillis" : 1000,
        "retryOnHttpCodes" : [ 502, 503 ]
      },
      "propertyInstructions" : [ {
        "name" : "propertiesLocation",
        "scope" : "conversation",
        "fromObjectPath" : "EDDIResponseHeader.Location",
        "toObjectPath" : "",
        "override" : true,
        "runOnValidationError" : false
      } ]
    }
  }, {
    "name" : "Create name for properties",
    "actions" : [ "create_properties" ],
    "saveResponse" : false,
    "fireAndForget" : false,
    "isBatchCalls" : false,
    "preRequest" : {
      "propertyInstructions" : [ {
        "name" : "propertiesId",
        "valueString" : "[[${#strings.substring(properties.propertiesLocation, 60, 84)}]]",
        "scope" : "conversation",
        "fromObjectPath" : "",
        "toObjectPath" : "",
        "override" : true,
        "runOnValidationError" : false
      }, {
        "name" : "propertiesVersion",
        "valueString" : "[[${#strings.substring(properties.propertiesLocation, 93)}]]",
        "scope" : "conversation",
        "fromObjectPath" : "",
        "toObjectPath" : "",
        "override" : true,
        "runOnValidationError" : false
      } ],
      "delayBeforeExecutingInMillis" : 0
    },
    "request" : {
      "path" : "/descriptorstore/descriptors/[[${properties.propertiesId}]]",
      "headers" : { },
      "queryParams" : {
        "version" : "[[${properties.propertiesVersion}]]"
      },
      "method" : "patch",
      "contentType" : "application/json",
      "body" : "{\"operation\":\"SET\",\"document\":{\"name\":\"[[${properties.botName}]]\",\"description\":\"\"}}"
    }
  }, {
    "name" : "Create behavior rules",
    "actions" : [ "create_behavior_rules" ],
    "saveResponse" : true,
    "responseObjectName" : "EDDIResponse",
    "responseHeaderObjectName" : "EDDIResponseHeader",
    "fireAndForget" : false,
    "isBatchCalls" : false,
    "request" : {
      "path" : "/behaviorstore/behaviorsets",
      "headers" : { },
      "queryParams" : { },
      "method" : "post",
      "contentType" : "application/json",
      "body" : "{\"expressionsAsActions\":true,\"behaviorGroups\":[{\"behaviorRules\":[{\"name\":\"Send Message to ChatGpt\",\"actions\":[\"send_message\"],\"conditions\":[{\"type\":\"inputmatcher\",\"configs\":{\"expressions\":\"*\"}}]}]}]}"
    },
    "postResponse" : {
      "retryHttpCallInstruction" : {
        "maxRetries" : 3,
        "exponentialBackoffDelayInMillis" : 1000,
        "retryOnHttpCodes" : [ 502, 503 ]
      },
      "propertyInstructions" : [ {
        "name" : "behaviorSetLocation",
        "scope" : "conversation",
        "fromObjectPath" : "EDDIResponseHeader.Location",
        "toObjectPath" : "",
        "override" : true,
        "runOnValidationError" : false
      } ]
    }
  }, {
    "name" : "Create name for behavior rules",
    "actions" : [ "create_behavior_rules" ],
    "saveResponse" : false,
    "fireAndForget" : false,
    "isBatchCalls" : false,
    "preRequest" : {
      "propertyInstructions" : [ {
        "name" : "behaviorId",
        "valueString" : "[[${#strings.substring(properties.behaviorSetLocation, 51, 75)}]]",
        "scope" : "conversation",
        "fromObjectPath" : "",
        "toObjectPath" : "",
        "override" : true,
        "runOnValidationError" : false
      }, {
        "name" : "behaviorVersion",
        "valueString" : "[[${#strings.substring(properties.behaviorSetLocation, 84)}]]",
        "scope" : "conversation",
        "fromObjectPath" : "",
        "toObjectPath" : "",
        "override" : true,
        "runOnValidationError" : false
      } ],
      "delayBeforeExecutingInMillis" : 0
    },
    "request" : {
      "path" : "/descriptorstore/descriptors/[[${properties.behaviorId}]]",
      "headers" : { },
      "queryParams" : {
        "version" : "[[${properties.behaviorVersion}]]"
      },
      "method" : "patch",
      "contentType" : "application/json",
      "body" : "{\"operation\":\"SET\",\"document\":{\"name\":\"[[${properties.botName}]]\",\"description\":\"\"}}"
    }
  }, {
    "name" : "Create http calls",
    "actions" : [ "create_http_calls" ],
    "saveResponse" : true,
    "responseObjectName" : "EDDIResponse",
    "responseHeaderObjectName" : "EDDIResponseHeader",
    "fireAndForget" : false,
    "isBatchCalls" : false,
    "request" : {
      "path" : "/httpcallsstore/httpcalls",
      "headers" : { },
      "queryParams" : { },
      "method" : "post",
      "contentType" : "application/json",
      "body" : "{\"targetServerUrl\":\"[['[[${'+'properties.chatGptApi'+'}]]']]\",\"httpCalls\":[{\"name\":\"sendMessageWithPrompt\",\"actions\":[\"send_message\"],\"saveResponse\":true,\"responseObjectName\":\"chatGPTResponse\",\"fireAndForget\":false,\"isBatchCalls\":false,\"preRequest\":{\"propertyInstructions\":[{\"name\":\"conversationLogAsString\",\"valueString\":\"[['[(${'+'json.serialize(conversationLog.generate().toObject())'+'})]']]\",\"scope\":\"conversation\",\"fromObjectPath\":\"\",\"toObjectPath\":\"\",\"override\":true,\"runOnValidationError\":false}],\"delayBeforeExecutingInMillis\":0},\"request\":{\"path\":\"\",\"headers\":{\"authorization\":\"Bearer [['[(${'+'properties.chatGptToken'+'})]']]\"},\"queryParams\":{},\"method\":\"post\",\"contentType\":\"application/json\",\"body\":\"{\\\"model\\\":\\\"[['[(${'+'properties.chatGptModel'+'})]']]\\\",\\\"messages\\\":[{\\\"role\\\":\\\"system\\\",\\\"content\\\":\\\"[['[(${'+'properties.chatGptSystemPrompt'+'})]']]\\\"},[['[(${'+'#strings.substring(properties.conversationLogAsString,1,#strings.length(properties.conversationLogAsString)-2)'+'})]']]]}\"},\"postResponse\":{\"retryHttpCallInstruction\":{\"maxRetries\":3,\"exponentialBackoffDelayInMillis\":1000,\"retryOnHttpCodes\":[502,503]},\"outputBuildInstructions\":[{\"pathToTargetArray\":\"chatGPTResponse.choices\",\"iterationObjectName\":\"responseChoice\",\"templateFilterExpression\":\"\",\"outputType\":\"text\",\"outputValue\":\"[['[[${'+'responseChoice.message.content'+'}]]']]\",\"httpCodeValidator\":{}}]}}]}"
    },
    "postResponse" : {
      "retryHttpCallInstruction" : {
        "maxRetries" : 3,
        "exponentialBackoffDelayInMillis" : 1000,
        "retryOnHttpCodes" : [ 502, 503 ]
      },
      "propertyInstructions" : [ {
        "name" : "httpCallsLocation",
        "scope" : "conversation",
        "fromObjectPath" : "EDDIResponseHeader.Location",
        "toObjectPath" : "",
        "override" : true,
        "runOnValidationError" : false
      } ]
    }
  }, {
    "name" : "Create name for http calls",
    "actions" : [ "create_http_calls" ],
    "saveResponse" : false,
    "fireAndForget" : false,
    "isBatchCalls" : false,
    "preRequest" : {
      "propertyInstructions" : [ {
        "name" : "httpCallsId",
        "valueString" : "[[${#strings.substring(properties.httpCallsLocation, 50, 74)}]]",
        "scope" : "conversation",
        "fromObjectPath" : "",
        "toObjectPath" : "",
        "override" : true,
        "runOnValidationError" : false
      }, {
        "name" : "httpCallsVersion",
        "valueString" : "[[${#strings.substring(properties.httpCallsLocation, 83)}]]",
        "scope" : "conversation",
        "fromObjectPath" : "",
        "toObjectPath" : "",
        "override" : true,
        "runOnValidationError" : false
      } ],
      "delayBeforeExecutingInMillis" : 0
    },
    "request" : {
      "path" : "/descriptorstore/descriptors/[[${properties.httpCallsId}]]",
      "headers" : { },
      "queryParams" : {
        "version" : "[[${properties.httpCallsVersion}]]"
      },
      "method" : "patch",
      "contentType" : "application/json",
      "body" : "{\"operation\":\"SET\",\"document\":{\"name\":\"[[${properties.botName}]]\",\"description\":\"\"}}"
    }
  }, {
    "name" : "Create output",
    "actions" : [ "create_output" ],
    "saveResponse" : true,
    "responseObjectName" : "EDDIResponse",
    "responseHeaderObjectName" : "EDDIResponseHeader",
    "fireAndForget" : false,
    "isBatchCalls" : false,
    "request" : {
      "path" : "/outputstore/outputsets",
      "headers" : { },
      "queryParams" : { },
      "method" : "post",
      "contentType" : "application/json",
      "body" : "{\"outputSet\":[{\"action\":\"CONVERSATION_START\",\"timesOccurred\":0,\"outputs\":[{\"valueAlternatives\":[{\"type\":\"text\",\"text\":\"[['[(${'+'properties.chatGptIntroPrompt'+'})]']]\",\"delay\":0}]}]}]}"
    },
    "postResponse" : {
      "retryHttpCallInstruction" : {
        "maxRetries" : 3,
        "exponentialBackoffDelayInMillis" : 1000,
        "retryOnHttpCodes" : [ 502, 503 ]
      },
      "propertyInstructions" : [ {
        "name" : "outputSetLocation",
        "scope" : "conversation",
        "fromObjectPath" : "EDDIResponseHeader.Location",
        "toObjectPath" : "",
        "override" : true,
        "runOnValidationError" : false
      } ]
    }
  }, {
    "name" : "Create name for output",
    "actions" : [ "create_output" ],
    "saveResponse" : false,
    "fireAndForget" : false,
    "isBatchCalls" : false,
    "preRequest" : {
      "propertyInstructions" : [ {
        "name" : "outputSetId",
        "valueString" : "[[${#strings.substring(properties.outputSetLocation, 45, 69)}]]",
        "scope" : "conversation",
        "fromObjectPath" : "",
        "toObjectPath" : "",
        "override" : true,
        "runOnValidationError" : false
      }, {
        "name" : "outputSetVersion",
        "valueString" : "[[${#strings.substring(properties.outputSetLocation, 78)}]]",
        "scope" : "conversation",
        "fromObjectPath" : "",
        "toObjectPath" : "",
        "override" : true,
        "runOnValidationError" : false
      } ],
      "delayBeforeExecutingInMillis" : 0
    },
    "request" : {
      "path" : "/descriptorstore/descriptors/[[${properties.outputSetId}]]",
      "headers" : { },
      "queryParams" : {
        "version" : "[[${properties.outputSetVersion}]]"
      },
      "method" : "patch",
      "contentType" : "application/json",
      "body" : "{\"operation\":\"SET\",\"document\":{\"name\":\"[[${properties.botName}]]\",\"description\":\"\"}}"
    }
  }, {
    "name" : "Create package",
    "actions" : [ "create_package" ],
    "saveResponse" : true,
    "responseObjectName" : "EDDIResponse",
    "responseHeaderObjectName" : "EDDIResponseHeader",
    "fireAndForget" : false,
    "isBatchCalls" : false,
    "request" : {
      "path" : "/packagestore/packages",
      "headers" : { },
      "queryParams" : { },
      "method" : "post",
      "contentType" : "application/json",
      "body" : "{\"packageExtensions\":[{\"type\":\"eddi://ai.labs.property\",\"config\":{\"uri\":\"[[${properties.propertiesLocation}]]\"}},{\"type\":\"eddi://ai.labs.parser\"},{\"type\":\"eddi://ai.labs.behavior\",\"config\":{\"uri\":\"[[${properties.behaviorSetLocation}]]\"}},{\"type\":\"eddi://ai.labs.httpcalls\",\"config\":{\"uri\":\"[[${properties.httpCallsLocation}]]\"}},{\"type\":\"eddi://ai.labs.output\",\"config\":{\"uri\":\"[[${properties.outputSetLocation}]]\"}},{\"type\":\"eddi://ai.labs.templating\"}]}"
    },
    "postResponse" : {
      "retryHttpCallInstruction" : {
        "maxRetries" : 3,
        "exponentialBackoffDelayInMillis" : 1000,
        "retryOnHttpCodes" : [ 502, 503 ]
      },
      "propertyInstructions" : [ {
        "name" : "packageLocation",
        "scope" : "conversation",
        "fromObjectPath" : "EDDIResponseHeader.Location",
        "toObjectPath" : "",
        "override" : true,
        "runOnValidationError" : false
      } ]
    }
  }, {
    "name" : "Create name for package",
    "actions" : [ "create_package" ],
    "saveResponse" : false,
    "fireAndForget" : false,
    "isBatchCalls" : false,
    "preRequest" : {
      "propertyInstructions" : [ {
        "name" : "packageId",
        "valueString" : "[[${#strings.substring(properties.packageLocation, 45, 69)}]]",
        "scope" : "conversation",
        "fromObjectPath" : "",
        "toObjectPath" : "",
        "override" : true,
        "runOnValidationError" : false
      }, {
        "name" : "packageVersion",
        "valueString" : "[[${#strings.substring(properties.packageLocation, 78)}]]",
        "scope" : "conversation",
        "fromObjectPath" : "",
        "toObjectPath" : "",
        "override" : true,
        "runOnValidationError" : false
      } ],
      "delayBeforeExecutingInMillis" : 0
    },
    "request" : {
      "path" : "/descriptorstore/descriptors/[[${properties.packageId}]]",
      "headers" : { },
      "queryParams" : {
        "version" : "[[${properties.packageVersion}]]"
      },
      "method" : "patch",
      "contentType" : "application/json",
      "body" : "{\"operation\":\"SET\",\"document\":{\"name\":\"[[${properties.botName}]]\",\"description\":\"\"}}"
    }
  }, {
    "name" : "Create bot",
    "actions" : [ "create_bot" ],
    "saveResponse" : true,
    "responseObjectName" : "EDDIResponse",
    "responseHeaderObjectName" : "EDDIResponseHeader",
    "fireAndForget" : false,
    "isBatchCalls" : false,
    "request" : {
      "path" : "/botstore/bots",
      "headers" : { },
      "queryParams" : { },
      "method" : "post",
      "contentType" : "application/json",
      "body" : "{\"packages\": [\"[[${properties.packageLocation}]]\"]}"
    },
    "postResponse" : {
      "retryHttpCallInstruction" : {
        "maxRetries" : 3,
        "exponentialBackoffDelayInMillis" : 1000,
        "retryOnHttpCodes" : [ 502, 503 ]
      },
      "propertyInstructions" : [ {
        "name" : "botLocation",
        "scope" : "conversation",
        "fromObjectPath" : "EDDIResponseHeader.Location",
        "toObjectPath" : "",
        "override" : true,
        "runOnValidationError" : false
      } ]
    }
  }, {
    "name" : "Create name for bot",
    "actions" : [ "create_bot" ],
    "saveResponse" : false,
    "fireAndForget" : false,
    "isBatchCalls" : false,
    "preRequest" : {
      "propertyInstructions" : [ {
        "name" : "botId",
        "valueString" : "[[${#strings.substring(properties.botLocation, 33, 57)}]]",
        "scope" : "conversation",
        "fromObjectPath" : "",
        "toObjectPath" : "",
        "override" : true,
        "runOnValidationError" : false
      }, {
        "name" : "botVersion",
        "valueString" : "[[${#strings.substring(properties.botLocation, 66)}]]",
        "scope" : "conversation",
        "fromObjectPath" : "",
        "toObjectPath" : "",
        "override" : true,
        "runOnValidationError" : false
      } ],
      "delayBeforeExecutingInMillis" : 0
    },
    "request" : {
      "path" : "/descriptorstore/descriptors/[[${properties.botId}]]",
      "headers" : { },
      "queryParams" : {
        "version" : "[[${properties.botVersion}]]"
      },
      "method" : "patch",
      "contentType" : "application/json",
      "body" : "{\"operation\":\"SET\",\"document\":{\"name\":\"[[${properties.botName}]]\",\"description\":\"\"}}"
    }
  }, {
    "name" : "Deploy bot",
    "actions" : [ "deploy_bot" ],
    "saveResponse" : true,
    "responseObjectName" : "EDDIResponse",
    "responseHeaderObjectName" : "EDDIResponseHeader",
    "fireAndForget" : false,
    "isBatchCalls" : false,
    "preRequest" : {
      "propertyInstructions" : [ {
        "name" : "botId",
        "valueString" : "[[${#strings.substring(properties.botLocation, 33, 57)}]]",
        "scope" : "conversation",
        "fromObjectPath" : "",
        "toObjectPath" : "",
        "override" : true,
        "runOnValidationError" : false
      }, {
        "name" : "botVersion",
        "valueString" : "[[${#strings.substring(properties.botLocation, 66)}]]",
        "scope" : "conversation",
        "fromObjectPath" : "",
        "toObjectPath" : "",
        "override" : true,
        "runOnValidationError" : false
      } ],
      "delayBeforeExecutingInMillis" : 0
    },
    "request" : {
      "path" : "/administration/unrestricted/deploy/[[${properties.botId}]]",
      "headers" : { },
      "queryParams" : {
        "version" : "[[${properties.botVersion}]]"
      },
      "method" : "post",
      "contentType" : "text/plain",
      "body" : ""
    }
  } ]
}