{
  "outputSet" : [ {
    "action" : "CONVERSATION_START",
    "timesOccurred" : 0,
    "outputs" : [ {
      "valueAlternatives" : [ {
        "type" : "text",
        "text" : "Hello there! I'm the Bot Father, and I'm here to help you create and manage remote bots using the ChatGPT API.",
        "delay" : 0
      } ]
    }, {
      "valueAlternatives" : [ {
        "type" : "text",
        "text" : "Let's get started, shall we?",
        "delay" : 0
      } ]
    } ],
    "quickReplies" : [ {
      "value" : "Let's get started!",
      "expressions" : "ask_for_bot_name"
    }, {
      "value" : "Not now",
      "expressions" : "exit_conversation, CONVERSATION_END"
    } ]
  }, {
    "action" : "ask_for_bot_name",
    "timesOccurred" : 0,
    "outputs" : [ {
      "valueAlternatives" : [ {
        "type" : "text",
        "text" : "Fantastic! To begin, please provide a name for your remote bot.",
        "delay" : 0
      } ]
    } ],
    "quickReplies" : [ ]
  }, {
    "action" : "ask_for_bot_purpose",
    "timesOccurred" : 0,
    "outputs" : [ {
      "valueAlternatives" : [ {
        "type" : "text",
        "text" : "Great choice! Now, let's define the purpose of your \"[[${properties.botName}]]\" bot",
        "delay" : 0
      } ]
    } ],
    "quickReplies" : [ ]
  }, {
    "action" : "ask_for_bot_intro_text",
    "timesOccurred" : 0,
    "outputs" : [ {
      "valueAlternatives" : [ {
        "type" : "text",
        "text" : " Excellent!",
        "delay" : 0
      } ]
    }, {
      "valueAlternatives" : [ {
        "type" : "text",
        "text" : "Now, please provide an introduction text for your remote bot to set the context and tone for the conversation.",
        "delay" : 0
      } ]
    } ],
    "quickReplies" : [ ]
  }, {
    "action" : "ask_for_api_key",
    "timesOccurred" : 0,
    "outputs" : [ {
      "valueAlternatives" : [ {
        "type" : "text",
        "text" : " Great!",
        "delay" : 0
      } ]
    }, {
      "valueAlternatives" : [ {
        "type" : "text",
        "text" : "Lastly, let's set up the ChatGPT API wrapper.",
        "delay" : 0
      } ]
    }, {
      "valueAlternatives" : [ {
        "type" : "text",
        "text" : "To do this, you'll need your API key. Please enter it below.",
        "delay" : 0
      } ]
    } ],
    "quickReplies" : [ ]
  }, {
    "action" : "ask_for_bot_creation_confirmation",
    "timesOccurred" : 0,
    "outputs" : [ {
      "valueAlternatives" : [ {
        "type" : "text",
        "text" : "Ok great!",
        "delay" : 0
      } ]
    }, {
      "valueAlternatives" : [ {
        "type" : "text",
        "text" : "Continue with creating this bot?",
        "delay" : 0
      } ]
    } ],
    "quickReplies" : [ {
      "value" : "Create the bot!",
      "expressions" : "orchestrate_create_bot"
    }, {
      "value" : "Cancel this",
      "expressions" : "exit_conversation, CONVERSATION_END"
    } ]
  }, {
    "action" : "confirm_bot_creation",
    "timesOccurred" : 0,
    "outputs" : [ {
      "valueAlternatives" : [ {
        "type" : "text",
        "text" : "It's all done! Your bot \"[[${properties.botName}]]\" was successfully created!",
        "delay" : 0
      } ]
    }, {
      "valueAlternatives" : [ {
        "type" : "text",
        "text" : "Go to the bot overview page and refresh the page to see your newly created bot!",
        "delay" : 0
      } ]
    }, {
      "valueAlternatives" : [ {
        "type" : "text",
        "text" : "Enjoy your new creation!",
        "delay" : 0
      } ]
    } ],
    "quickReplies" : [ ]
  } ]
}