{
  "outputSet" : [ {
    "action" : "CONVERSATION_START",
    "timesOccurred" : 0,
    "outputs" : [ {
      "valueAlternatives" : [ {
        "type" : "text",
        "text" : "Hello there! I'm the Bot Father, and I'm here to help you create bots that connect to (LLM powered) APIs.",
        "delay" : 0
      } ]
    }, {
      "valueAlternatives" : [ {
        "type" : "text",
        "text" : "Let's get started, shall we?",
        "delay" : 0
      } ]
    } ],
    "quickReplies" : [ {
      "value" : "Let's get started!",
      "expressions" : "ask_for_bot_name"
    }, {
      "value" : "Not now",
      "expressions" : "exit_conversation, CONVERSATION_END"
    } ]
  }, {
    "action" : "ask_for_bot_name",
    "timesOccurred" : 0,
    "outputs" : [ {
      "valueAlternatives" : [ {
        "type" : "text",
        "text" : "Fantastic! To begin, please provide a name for your LLM connector bot.",
        "delay" : 0
      } ]
    } ],
    "quickReplies" : [ ]
  }, {
    "action" : "ask_for_bot_prompt",
    "timesOccurred" : 0,
    "outputs" : [ {
      "valueAlternatives" : [ {
        "type" : "text",
        "text" : "Great choice! Now, let's define the (system) prompt for your \"[[${properties.botName}]]\" connector bot",
        "delay" : 0
      } ]
    } ],
    "quickReplies" : [ ]
  }, {
    "action" : "ask_for_bot_intro",
    "timesOccurred" : 0,
    "outputs" : [ {
      "valueAlternatives" : [ {
        "type" : "text",
        "text" : " Excellent!",
        "delay" : 0
      } ]
    }, {
      "valueAlternatives" : [ {
        "type" : "text",
        "text" : "Now, please provide an intro message for your connector bot to set the tone for the conversation.",
        "delay" : 0
      } ]
    } ],
    "quickReplies" : [ ]
  }, {
    "action" : "ask_for_llm_use",
    "timesOccurred" : 0,
    "outputs" : [ {
      "valueAlternatives" : [ {
        "type" : "text",
        "text" : " Great!",
        "delay" : 0
      } ]
    }, {
      "valueAlternatives" : [ {
        "type" : "text",
        "text" : " Which LLM API would you like to use for your bot?",
        "delay" : 0
      } ]
    } ],
    "quickReplies" : [ {
      "value" : "OpenAI",
      "expressions" : "create_openai_bot"
    }, {
      "value" : "Hugging Face",
      "expressions" : "create_huggingface_bot"
    }, {
      "value" : "Anthropic",
      "expressions" : "create_anthropic_bot"
    }, {
      "value" : "Gemini",
      "expressions" : "create_gemini_bot"
    }, {
      "value" : "Gemini Vertex",
      "expressions" : "create_gemini_vertex_bot"
    }, {
      "value" : "Ollama",
      "expressions" : "create_ollama_bot"
    }, {
      "value" : "Jlama",
      "expressions" : "create_jlama_bot"
    } ]
  } ]
}