{
  "expressionsAsActions" : true,
  "behaviorGroups" : [ {
    "behaviorRules" : [ {
      "name" : "Ask for Prompt",
      "actions" : [ "ask_for_bot_prompt" ],
      "conditions" : [ {
        "type" : "actionmatcher",
        "configs" : {
          "actions" : "ask_for_bot_name",
          "occurrence" : "lastStep"
        }
      } ]
    }, {
      "name" : "Ask for intro",
      "actions" : [ "ask_for_bot_intro" ],
      "conditions" : [ {
        "type" : "actionmatcher",
        "configs" : {
          "actions" : "ask_for_bot_prompt",
          "occurrence" : "lastStep"
        }
      } ]
    }, {
      "name" : "Ask for api key",
      "actions" : [ "ask_for_llm_use" ],
      "conditions" : [ {
        "type" : "actionmatcher",
        "configs" : {
          "actions" : "ask_for_bot_intro",
          "occurrence" : "lastStep"
        }
      } ]
    } ]
  } ]
}