{
  "packageExtensions" : [ {
    "type" : "eddi://ai.labs.parser",
    "extensions" : {
      "dictionaries" : [ {
        "type" : "eddi://ai.labs.parser.dictionaries.regular",
        "config" : {
          "uri" : "eddi://ai.labs.regulardictionary/regulardictionarystore/regulardictionaries/5a27c60107200a457c31b497?version=1"
        }
      } ]
    },
    "config" : { }
  }, {
    "type" : "eddi://ai.labs.behavior",
    "extensions" : { },
    "config" : {
      "uri" : "eddi://ai.labs.behavior/behaviorstore/behaviorsets/5a27c62507200a457c31b498?version=1"
    }
  }, {
    "type" : "eddi://ai.labs.output",
    "extensions" : { },
    "config" : {
      "uri" : "eddi://ai.labs.output/outputstore/outputsets/5a27c63c07200a457c31b499?version=1"
    }
  } ]
}